title,author,description,isbn13,categoryId,categoryName
바람공방의 페어아일 니팅 - 기초부터 스틱 기법까지 페어아일의 모든 것,"바람공방 (지은이), 배혜영 (옮긴이)","뜨개의 대가, 바람공방이 작품 예시를 통해 페어아일 뜨는 법을 차근차근 알려준다. 작품을 만드는 모든 과정을 사진과 자세한 설명으로 알려준 후, 배운 기법으로 뜰 수 있는 작품들을 소개한다.",9791193712436.0,53568,국내도서>건강/취미>공예>뜨개질/퀼트/십자수/바느질
구움과자의 기술 - 당신의 5년을 절약해 줄,"정용현, 강현지 (지은이)",구움과자로 많은 사랑을 받고 있는 ‘과자방’에서 실제로 판매했거나 판매중인 과자 가운데 소비자들의 검증을 거친 제품을 엄선해 실은 책이다. 그러나 단순히 숫자로 익히는 레시피 북은 아니다. 이름 그대로 매일 생산하는 제품을 균일하게 만들 수 있는 ‘기술’에 관한 책이다.,9791186519905.0,53481,국내도서>요리/살림>제과제빵
따뜻한 여사의 5분 컷 전자레인지 레시피 100 - 버튼 한 번으로 끝내는 요리,김수림 (지은이),"저자는 일과 육아, 살림을 병행하기 위해 최대한 본인이 편안해질 수 있는 효율적인 전자레인지 요리법을 찾았다. 그리고 그 노하우를 그녀의 첫 번째 책 《따뜻한 여사의 5분 컷 전자레인지 레시피 100》에 녹여 냈다.",9791160322293.0,53472,국내도서>요리/살림>생활요리
"이윤경 요리 - 생각 한 알, 계절 한 스푼, 요리 한 그릇",이윤경 (지은이),"도쿄의 한 와인바에서 내추럴 와인의 생명력 넘치는 에너지에 빠져들었고, 현재 서울 한남동에서 와인바를 운영하며 와인을 소개하고 그에 어울리는 요리는 만들고 있는 이윤경 작가의 레시피북.",9791198656865.0,53472,국내도서>요리/살림>생활요리
홈·브런치,"스기쿠보 아키마사 (지은이), 임지인 (옮긴이)","도쿄를 넘어 전 세계인의 입맛을 사로잡은 10평 남짓한 작은 빵집, 베이커리 ‘365일’의 시그니처 브런치 레시피북. 누구나 손쉽게 ‘365일’의 브런치를 만들 수 있도록 간단한 토스트부터 빵과 함께할 때 가장 맛있는 달걀 요리, 다양한 재료를 넣은 샌드위치와 타르틴 등을 소개한다.",9788968332784.0,53472,국내도서>요리/살림>생활요리
뿐이 토핑 이유식 - 최신 이유식 지침을 반영한 세상 쉽고 맛있는 레시피 253,"정주희 (지은이), 이수진 (감수)","희야 작가는 첫째 튼이를 위해서 죽 이유식(밥솥 이유식)을, 이른둥이 뿐이를 위해서 토핑 이유식, 자기주도이유식까지 모두 만들어봤다. 또한 미국 소아과학회, WHO 자료, 해외 논문 등을 찾아보면서 변경된 이유식 지침에 대해서도 열심히 조사하고 공부했다. 그 모든 경험과 지식, 노하우를 이 책에 담았다.",9791168222724.0,53477,국내도서>요리/살림>이유식
전기밥솥 레시피,"호시노 나나코 (지은이), 이진숙 (옮긴이)","버튼만 눌렀는데 일품요리 완성. 다양한 일상 요리에서부터 전문 일품요리, 인기 디저트까지 전기밥솥으로 71가지의 다양한 요리를 즐겨보자.",9791188601547.0,53491,국내도서>요리/살림>나라별 요리>일본요리
종이접기 매니아를 위한 Origami PRO : 신화 종이접기편,"김진우, 박종우, 장용익, 이인섭, 맹형규, 정재일, 한지우, 유태용 (지은이)","신화 속 동물과 존재들을 생동감 넘치는 종이접기로 표현한 작품들이다. 수록된 각 작품은 신화적 인물을 형상화하여, 한 장의 종이로 신화 속 상징을 재현하는 특별한 경험을 선사한다. 이 작품들은 (사)한국종이접기협회의 수석창작위원인 김진우, 박종우, 장용익, 이인섭, 맹형규, 정재일, 한지우, 유태용 작가들이 참여하여 완성되었다.",9788997772148.0,53571,국내도서>건강/취미>공예>종이접기/종이공예
"밥 챙겨 먹어요, 오늘도 행복하세요 - 15만 팔로워 올타임 레전드 마포농수산쎈타의 사계절 마음 편한 밥술친구 레시피",마포농수산쎈타 (지은이),"출간 하루 만에 5천 부 돌파, 2주 만에 1만 부 돌파라는 대기록을 세운 요리책계의 혁명 『밥 챙겨 먹어요, 행복하세요』의 두 번째 레시피북이 출간되었다. ‘순두부열라면’ 창시자이자 트위터(현 엑스) 15만 팔로워가 열광 중인 자타공인 레시피 전도사 ‘마포농수산쎈타’가 우리의 사계절 입맛을 책임지러 돌아왔다.",9791171712533.0,53472,국내도서>요리/살림>생활요리
홀썸의 집밥 예찬 - 매일의 건강 집밥이 불러온 놀라운 일상의 기적,홀썸모먼트 (지은이),"유수 대학 논문과 책, 강의를 통해 얻은 건강 지식과 저자가 일상에서 쌓아온 다양한 경험을 바탕으로 직접 개발하고 실천 중인 레시피를 개발했다. 최대한 가공식품의 사용을 피하고, 누구나 손쉽게 따라 만들 수 있는 건강한 집밥 레시피를 꾸준히 개발하여 모두 소개했다.",9791130653044.0,53472,국내도서>요리/살림>생활요리
저속노화 식사법 - 노년내과 의사가 알려주는 기적의 식단 혁명,정희원 (지은이),"일명 ‘저속노화 선생님’, 서울아산병원 노년내과 의사 정희원의 『저속노화 식사법』이 테이스트북스에서 출간되었다. 만성질환을 예방하는 지중해식 식단과 고혈압을 예방하는 대시(DASH) 식단 요소의 장점만을 합친 MIND 식사법을 저속노화 식사로 제안한다.",9791141606862.0,53556,국내도서>건강/취미>건강정보>음식과 건강
내 몸 혁명 - 뱃살과 질병 없이 살려면 숫자보다 몸을 바꿔라,박용우 (지은이),"박용우 박사의 건강 라이프코칭이 한 권의 책으로 묶였다. 대사이상체중을 건강체중으로 되돌리는 방법을 비롯해 망가진 몸을 근본적으로 변화시키는 4주간의 프로그램, 살찌지 않는 건강한 몸을 위한 건강관리 노하우 등이 담겨 있다.",9791198553317.0,53514,국내도서>건강/취미>다이어트
3분만 바라보면 눈이 젊어진다 - 노벨상으로 증명된 ‘가보르 아이’ 업그레이드 완전판,"히라마쓰 루이 (지은이), 김윤희 (옮긴이)","일본을 넘어 한국에서도 ‘가보르 아이’ 열풍을 불러왔던 《3분만 바라보면 눈이 좋아진다》의 업그레이드 버전이 드디어 출간되었다. 디지털 세상에서 현대인이 놓쳐서 안 될 유일무이 시력 개선법을 소개한다.
",9791165349837.0,53543,국내도서>건강/취미>질병치료와 예방>눈/코/입/귀
바람공방의 페어아일 니팅 - 기초부터 스틱 기법까지 페어아일의 모든 것,"바람공방 (지은이), 배혜영 (옮긴이)","뜨개의 대가, 바람공방이 작품 예시를 통해 페어아일 뜨는 법을 차근차근 알려준다. 작품을 만드는 모든 과정을 사진과 자세한 설명으로 알려준 후, 배운 기법으로 뜰 수 있는 작품들을 소개한다.",9791193712436.0,53568,국내도서>건강/취미>공예>뜨개질/퀼트/십자수/바느질
해독 혁명 - 질병 없는 몸을 위한 5단계 독소 해방,닥터 라이블리(최지영) (지은이),"피부과 전문의이자 미국 IFM 기능의학 인증의인 저자가 제안하는 체내 독소 배출 솔루션을 담고 있다. 먼저 저자는 우리 몸에 내재되어 있는 간, 담즙, 위, 장내세균, 세포로 이어지는 우리 몸에서 일어나는 독소 배출의 경로를 설명하며 독소들이 우리 몸의 어떤 부분에서 어떻게 처리되어 어디를 통해 나가는지 보여준다.",9788901285146.0,53562,국내도서>건강/취미>건강정보>건강에세이/건강정보
The Champion 2024-2025 : 유럽축구 가이드북,"송영주, 김현민, 이건, 김정용, 김민곤, 김영훈 (지은이), 한준희 (감수)",국내 최고ㆍ최강의 유럽축구 가이드북 《The Champion》은 유럽 축구의 중심에서 활약하는 선수들을 조명하며 꾸준히 한국 선수들의 성장을 지켜봐 왔다. 이번 《The Champion 2024-2025》에서는 유럽 리그의 불꽃 튀는 이적 소식과 다양한 선수 정보들을 담아 더욱 풍부하고 정확한 정보를 제공하고 있다.,9791155719954.0,54708,국내도서>건강/취미>구기>축구
"질병 해방 - 치매, 암, 당뇨, 심장병과 노화를 피하고 건강하게 오래 사는 법","피터 아티아, 빌 기퍼드 (지은이), 이한음 (옮긴이)","출간 1주 만에 13만 부, 12개월 만에 150만 부를 돌파하며 아마존과 《뉴욕타임스》 모두에서 종합 베스트셀러 1위에 오르는 전례가 드문 기록을 세운 화제작, 피터 아티아 박사의 《질병 해방》이 마침내 한국에 출간되었다. 《뉴욕타임스매거진》의 표현대로 “폭주하는(타의 추종을 불허하는) 베스트셀러”가 되어 지금도 아마존과 《뉴욕타임스》에서 1년 넘게 베스트셀러 행진을 이어가며 센세이션을 불러일으키고 있다.",9791193528129.0,51378,국내도서>인문학>교양 인문학
내장비만 - 국민 주치의 이왕림 박사의 34년 비만 해독 연구 결정판,이왕림 (지은이),하버드 의대와 뉴욕 의대에서 세포면역학과 해독학을 연구하며 국내 의료계에 해독과 항노화를 최초로 소개하고 ‘내장비만’을 최초로 명명한 최고 권위자 이왕림 박사. 그는 내장지방에서 대한 인식이 낮던 20년 전 내장지방의 위험성을 대중적으로 알리기 위해 다년간의 연구와 임상 치료 경험을 집대성해 『내장비만』을 펴냈다.,9791193506684.0,55182,국내도서>건강/취미>건강정보>기타
느리게 나이 드는 습관 - 노년내과 의사가 알려주는 감속노화 실천법,정희원 (지은이),"서울아산병원 노년내과 전문의가 작심하고 전하는 감속노화 실천법. 생애 주기에 따라 생활의 요소를 조절해 노화 속도를 느리게 만들고 내재역량을 강화할 수 있는 구체적인 방법을 이야기한다. 누구나 아프지 않고 건강하게, 또래보다 느리게 나이 들 수 있다.",9791193080146.0,53562,국내도서>건강/취미>건강정보>건강에세이/건강정보
백년 허리 2 : 치료편 - 내 허리 사용 설명서,정선근 (지은이),"서울대 의대 재활의학과 정선근 교수의 스테디셀러인 백년허리1 진단편에 이은 실제적인 치료 방법을 제시하고 있는 백년허리2 치료편이다. 치료편에서 저자는 허리 통증에서 벗어날 수 있는 방법을 정확히, 구체적으로, 누구나 따라할 수 있도록 설명하고 있다.",9791197437311.0,53550,국내도서>건강/취미>질병치료와 예방>허리/디스크/척추/통증
불변의 법칙 - 절대 변하지 않는 것들에 대한 23가지 이야기,"모건 하우절 (지은이), 이수경 (옮긴이)","《돈의 심리학》의 저자 모건 하우절이 3년 만에 세상에 내놓은 신작.‘절대 변하지 않는 것들에 대한 23가지 이야기’를 전한다. 이번 책은 돈과 투자 영역은 물론이고, 인간의 본성과 세상의 이치에 관한 이야기를 두루 다루어 한층 더 다층적이고 복합적인 메시지를 담아냈다는 평가를 받는다.",9791198517425.0,3065,국내도서>경제경영>경제학/경제일반>경제이야기
돈의 심리학 (30만 부 기념 스페셜 에디션) - 당신은 왜 부자가 되지 못했는가,"모건 하우절 (지은이), 이지연 (옮긴이)",월스트리트저널에서 10년 넘게 금융과 투자에 대한 글을 써온 칼럼니스트이자 콜라보레이티브 펀드 파트너로 활동중인 모건 하우절의 첫 책이다. 출간 즉시 아마존 투자 분야 1위를 차지했고 개인 투자자부터 전문 컨설턴트까지 극찬 세례를 받으며 명실상부 ‘2020 아마존 최고의 금융도서’로 평가받는다.,9791191056372.0,2225,국내도서>경제경영>재테크/투자>재테크/투자 일반
THE MONEY BOOK 더 머니북 - 잘 살아갈 우리를 위한 금융생활 안내서,토스 (지은이),"돈이 행복의 필수 조건이라고 여기면서도, 막상 돈을 잘 모르는 사람들. 《더 머니북》은 이 사람들을 위해 만들어졌다. 사용자들에게 자주 받아온 “금융교육은 어디서 받나요?”라는 질문에 토스가 내놓는 답이자, ‘누구나 편리하고 평등하게 금융하는 세상 만들기’라는 진심을 말하는 시작점이다.",9791198686114.0,8587,국내도서>경제경영>경제학/경제일반>화폐/금융/재정
대한경제부흥회 - 우리는 왜 돈을 못 버는가,"이광수, 박시동, 안진걸 (지은이)","나는 감히 따라 할 수 없을 것 같은 경제 조언은 다 버려라. 우리에게 전혀 도움이 되지 않는 잘못된 경제 정책은 다 바꾸자. 실전형, 생계형 경제 초고수들이 말하는 전 국민 인생 살리기 프로젝트가 여기에 있다. 
부동산계의 유시민 이광수, 경제 허준 박시동, 민생 전문 안진걸. 경제 채널 섭외 순위 1위를 달리며 대한민국을 휩쓸고 있는 차세대 경제평론가 3인방이 당하기만 하는 국민들을 위해 두 팔 걷고 나섰다.",9791191521382.0,2225,국내도서>경제경영>재테크/투자>재테크/투자 일반
스토리 설계자 - 고객의 욕망을 꿰뚫는 31가지 카피라이팅 과학,"짐 에드워즈 (지은이), 신솔잎 (옮긴이)","“상품이 이토록 훌륭한데 왜 이렇게 안 팔릴까?” 사업을 하는 사람이 가장 불안해지는 순간은 상품에 대한 확신이 매출로 이어지지 않을 때다. 문제의 근본은 품질도 가격도 아닌 바로 ‘세일즈 카피라이팅!’ 이를 단숨에 해결해줄 책이 나왔다. 『마케팅 설계자』를 쓴 러셀 브런슨과 함께 사업가 수천 명을 도우며 상품, 코칭, 소프트웨어를 판매하여 수천만 달러 매출을 올린 짐 에드워즈의 신간 『스토리 설계자』다.",9791155817629.0,268,국내도서>경제경영>마케팅/세일즈>광고/홍보/PR
매직 스플릿 - 자산과 현금흐름이 동시에 불어나는 새로운 투자 시스템,박성현 (지은이),"100억대 자산가이자 베스트셀러 작가 박성현의 신간 『매직 스플릿』이 출간되었다. 매직 스플릿은 자산과 현금흐름이 동시에 불어나는 새로운 투자 시스템으로, 가치투자와 단기투자의 단점을 보완하고 장점을 강화해 수익을 극대화한 투자법이다.",9791192445830.0,174,국내도서>경제경영>재테크/투자>주식/펀드
"더 골 1 The Goal - 당신의 목표는 무엇인가?, 30주년 기념 개정판 번역본","엘리 골드렛 (지은이), 강승덕, 김일운, 김효 (옮긴이)","출간 이후 30년 동안 35개국에서 1000만 부 이상 판매라는 경이적인 기록을 갖고 있는 경제경영의 고전, 『더 골1』의 2019년 최신 개정판. 2015년 개정판을 또다시 개정?출간한 것으로 미국에서 30주년 기념 개정판으로 출간한 원본을 기준으로 내용을 수정?보완하였으며 카이스트 정재승 교수의 해제가 추가되었다.",9791157685301.0,2173,국내도서>경제경영>기업 경영>경영전략/혁신
EBS 다큐프라임 자본주의,EBS 자본주의 제작팀 (지은이),"지금 자본주의는 기로에 놓여 있다. 이대로 갈 것인가, 새로운 길을 모색할 것인가. 약 250년에 걸쳐 우리 사회를 지배했으며 현재 위기를 겪고 있는 ‘자본주의’를 쉽게 풀어낸 방송, [EBS 다큐프라임 &lt;자본주의&gt; 5부작]이 책으로 출간됐다.",9788957365793.0,8586,국내도서>경제경영>경제학/경제일반>경제이론/경제사상
"돈의 속성 (300쇄 리커버 에디션, 양장) - 최상위 부자가 말하는 돈에 대한 모든 것",김승호 (지은이),"초판 발행 후, 경제경영 필도서로 자리매김한 『돈의 속성』  200쇄 기념 개정증보판이다. 200쇄에 맞춰 코로나19로 바뀐 경제상황과 돈에 관한 김승호 회장의 추가 메시지를 담았다.",9791188331796.0,2225,국내도서>경제경영>재테크/투자>재테크/투자 일반
"배당투자, 나는 50에 은퇴했다 - 평생 월 1,000만 원씩 받아내는 ‘배당주’ 입장권",쭈압(정영주) (지은이),"저자의 투자 이유를 듣고 5분 만에 끝내는 종목분석법, 금액·상황별 포트폴리오, 리밸런싱과 매매전략, 세금에서 탈출하는 절세전략만 따라오면, 3,000만 원으로 15억 원을 만든 쭈압처럼 파이어의 고지에 오를 수 있다. 이제는 당신의 차례다.",9791191378573.0,2225,국내도서>경제경영>재테크/투자>재테크/투자 일반
만화로 읽는 수능 고전시가,이가영 (지은이),"‘문학’ 분야에서 학생들이 가장 어려워하는 고전시가를 만화로 쉽고 재미있게 그려 낸 책으로, 현직 국어 교사이자 네이버 유명 웹툰 &lt;고시생툰&gt;의 작가인 저자는 유쾌하고 코믹한 만화를 통해 어렵고 딱딱한 고전시가를 누구보다 이해하기 쉽게 설명해 준다.",9788963916453.0,77131,국내도서>고등학교참고서>고등-자습서>국어
MAPL 마플시너지 내신문제집 수학(하) (2024년용) - 2015 개정 교육과정,임정선 (지은이),"내신과 수능, 당신의 일등급이 이 교재의 철학! 강력한 개념이 끝나면 이젠 문제 풀이다! 학교 교과서를 유형별 단원별로 정리한 학교 내신의 완벽 대비서.",9788994845586.0,131522,국내도서>고등학교참고서>고등-문제집>수학영역
EBS 수능완성 영어영역 영어 (2024년) - 2025학년도 수능 연계교재,EBS(한국교육방송공사) 편집부 (지은이),"수능 연계의 완성 'EBS 수능완성'. 테마편·실전편 구성으로 수능을 최종적으로 대비하는 수능 필수 교재로, 최신 수능 트렌드를 총망라한 핵심 개념 정리와 출제 가능 유형을 완벽 공략한다.",9788954784467.0,77121,국내도서>고등학교참고서>수능대비>영어영역
EBS 수능완성 국어영역 독서·문학·화법과 작문 (2024년) - 2025학년도 수능 연계교재,EBS(한국교육방송공사) 편집부 (지은이),"수능 연계의 완성 'EBS 수능완성'. 테마편·실전편 구성으로 수능을 최종적으로 대비하는 수능 필수 교재로, 최신 수능 트렌드를 총망라한 핵심 개념 정리와 출제 가능 유형을 완벽 공략한다.",9788954784443.0,77119,국내도서>고등학교참고서>수능대비>국어영역
EBS 수능특강 국어영역 독서 (2024년) - 2025학년도 수능 연계교재,EBS(한국교육방송공사) 편집부 (지은이),"최신 수능 경향을 충실히 반영한 2025학년도 수능 대비 종합 개념서. 교육과정과 최신 수능을 반영한 핵심 내용 제시, 수능 시험을 대비하는 학생이라면 꼭 봐야 할 교재이다.",9788954781602.0,77119,국내도서>고등학교참고서>수능대비>국어영역
신사고 쎈 고등 수학 (하) (2024년) - 2015 개정 교육과정,"홍범준, 김의석, 김형정, 김형균, 김윤희, 신사고수학콘텐츠연구회 (지은이)","전국 고등학교 내신 기출 문제와 평가원.수능 기출 문제는 물론 수많은 기본서, 내신서, 수능서까지 분석하여 모든 수학 문제를 수집, 분류하여 강력한 유형 그물을 만들었기 때문에 쎈 한 권만으로도 충분한 문제 연습이 가능하다.",9788928347407.0,131522,국내도서>고등학교참고서>고등-문제집>수학영역
EBS 수능완성 국어영역 독서·문학·언어와 매체 (2024년) - 2025학년도 수능 연계교재,EBS(한국교육방송공사) 편집부 (지은이),"수능 연계의 완성 'EBS 수능완성'. 테마편·실전편 구성으로 수능을 최종적으로 대비하는 수능 필수 교재로, 최신 수능 트렌드를 총망라한 핵심 개념 정리와 출제 가능 유형을 완벽 공략한다.",9788954784450.0,77119,국내도서>고등학교참고서>수능대비>국어영역
EBS 수능완성 수학영역 수학 1.수학 2.미적분 (2024년) - 2025학년도 수능 연계교재,EBS(한국교육방송공사) 편집부 (지은이),"수능 연계의 완성 'EBS 수능완성'. 유형편·실전편 구성으로 수능을 최종적으로 대비하는 수능 필수 교재로, 최신 수능 트렌드를 총망라한 핵심 개념 정리와 출제 가능 유형을 완벽 공략한다.",9788954784481.0,77120,국내도서>고등학교참고서>수능대비>수학영역
EBS 수능특강 국어영역 문학 (2024년) - 2025학년도 수능 연계교재,EBS(한국교육방송공사) 편집부 (지은이),"최신 수능 경향을 충실히 반영한 2025학년도 수능 대비 종합 개념서. 교육과정과 최신 수능을 반영한 핵심 내용 제시, 수능 시험을 대비하는 학생이라면 꼭 봐야 할 교재이다.",9788954781596.0,77119,국내도서>고등학교참고서>수능대비>국어영역
EBS 수능특강 수학영역 수학 2 (2024년) - 2025학년도 수능 연계교재,EBS(한국교육방송공사) 편집부 (지은이),"최신 수능 경향을 충실히 반영한 2025학년도 수능 대비 종합 개념서. 교육과정과 최신 수능을 반영한 핵심 내용 제시, 수능 시험을 대비하는 학생이라면 꼭 봐야 할 교재이다.",9788954781671.0,77120,국내도서>고등학교참고서>수능대비>수학영역
면도날,"서머싯 몸 (지은이), 안진환 (옮긴이)","&lt;인간의 굴레에서&gt; &lt;달과 6펜스&gt;와 함께 서머싯 몸의 대표적인 장편소설로, 1930년대 유럽을 배경으로 꿋꿋이 자신만의 길을 개척하는 한 젊은이의 구도적 여정을 그린다. 날카로운 면도날을 넘어서는 것처럼 고되고 험난한 구도의 길을 선택한 한 젊은이를 통해 삶이 무엇인지에 대한 본원적인 질문을 던진다.",9788937462146.0,50919,국내도서>소설/시/희곡>영미소설
데미안 (오리지널 초판본 표지디자인) - 최신 원전 완역본,"헤르만 헤세 (지은이), 이미영 (옮긴이), 김선형 (해설)",헤르만 헤세의 ‘영혼의 전기’로 소개되는 《데미안》은 깊이 있는 정신분석과 자기 탐구로 가시밭 같은 자아 성찰의 길을 섬세하게 그려낸 그의 대표작이다. 이 책을 1919년 오리지널 초판본의 우아한 표지로 다시 만나보자.,9791187011590.0,50922,국내도서>소설/시/희곡>독일소설
인간 실격,"다자이 오사무 (지은이), 김춘미 (옮긴이)","자살 미수와 약물 중독, 39세의 젊은 나이에 자살로 생을 마감한 다자이 오사무의 작품 <인간 실격>이 출간됐다. 오직 순수함만을 갈망하는 한 젊은이가 파멸해가는 과정이 그려진다. 뉴욕 타임스는 '인간의 나약함을 드러내는 데 있어 다자이보다 뛰어난 작가는 드물다'고 평했다.",9788937461033.0,50996,국내도서>소설/시/희곡>일본소설>1950년대 이전 일본소설
데미안,"헤르만 헤세 (지은이), 전영애 (옮긴이)",2차 세계대전 중 많은 독일 젊은이들이 전장에 나가면서 군복 주머니 속에 품고 갔던 책. 어른이 되기 위해 보이지 않는 껍질을 깨고 고통스런 현실의 세계로 나서는 젊은이들을 그렸다. 지금까지도 젊은이들에게 '통과의례'처럼 읽히고 있는 명작을 새로 옮겼다.,9788937460449.0,50922,국내도서>소설/시/희곡>독일소설
싯다르타,"헤르만 헤세 (지은이), 박병덕 (옮긴이)","헤르만 헤세의 1922년 작품으로 싯다르타(부처)의 생애를 소설화 했다. 동서양의 세계관,종교관을 자기 체험 속에 융화시킨 작품으로, 내면으로의 길을 지향하는 작가의 영혼이 투영되어 있다.",9788937460586.0,50922,국내도서>소설/시/희곡>독일소설
자유로부터의 도피,"에리히 프롬 (지은이), 김석희 (옮긴이)","&lt;소유냐, 존재냐&gt;, &lt;사랑의 기술&gt; 등을 통해, 수많은 독자를 확보하고 있는 철학자이자 심리학자 에리히 프롬의 주저가 번역가 김석희의 정확하고 유려한 번역으로 새로 태어났다.",9791160804751.0,51516,국내도서>인문학>심리학/정신분석학>정신분석학
수레바퀴 아래서 (오리지널 초판본 표지디자인) - 최신 원전 완역본,"헤르만 헤세 (지은이), 박지희 (옮긴이), 김선형 (해설)",성적 위주의 교육 속에서 경쟁에 지쳐 자신을 잃어버린 모든 이들에게 공감과 위로를 전하는 &lt;수레바퀴 아래서&gt;는 헤르만 헤세 자신의 청소년기를 반영한 자전적 소설이다. 이제 &lt;수레바퀴 아래서&gt;를 1906년 오리지널 초판본 표지로 만나 보자.,9791187011606.0,50922,국내도서>소설/시/희곡>독일소설
1984,"조지 오웰 (지은이), 정회성 (옮긴이)","민음사에서 조지 오웰 탄생 100주년을 맞아 그의 대표작 <1984>를 새롭게 펴냈다. <1984>는 널리 알려진 바와 같이 전체주의를 비판하는 디스토피아 소설로, 날카로운 풍자와 정치적 함의로 유명하다. '절대 권력은 절대 부패한다'는 명언을 탁월하게 형상화한 작품.",9788937460777.0,50919,국내도서>소설/시/희곡>영미소설
어린 왕자,"앙투안 드 생텍쥐페리 (지은이), 황현산 (옮긴이)","전 세계인들의 사랑을 받은 가장 아름다운 이야기, 생텍쥐페리의 &lt;어린 왕자&gt;가 문학 평론가 황현산의 번역으로 열린책들에서 출간되었다. 황현산은 이 작품을 새롭게 번역하면서 생텍쥐페리의 진솔한 문체를 고스란히 살려 내기 위해 심혈을 기울였다.",9788932917245.0,50921,국내도서>소설/시/희곡>프랑스소설
동물농장,"조지 오웰 (지은이), 도정일 (옮긴이)",1945년에 간행된 조지 오웰의 대표작. 어떤 농장의 동물들이 늙은 돼지 메이저의 부추김에 빠져 농장주의 압제에 대항해 반란을 일으켜 인간의 착취가 없는 '모든 동물이 평등한 이상사회'를 건설한다. 그러나 돼지들이 지도자가 되어 다시 동물들을 압박하기 시작하는데...,9788937460050.0,50919,국내도서>소설/시/희곡>영미소설
찬란한 멸종 - 거꾸로 읽는 유쾌한 지구의 역사,이정모 (지은이),"JTBC &lt;차이나는 클라스&gt;, tvN &lt;어쩌다 어른&gt; 등의 방송과 유튜브 채널에서 ‘지구의 역사’와 ‘인류 대멸종’을 주제로 강의해 누적 조회 수 1100만 회 이상을 기록하며 화제를 모았던 이정모 저자가 『찬란한 멸종』을 통해 멸종으로 보는 46억 년 지구의 역사를 본격적으로 스토리텔링한다.
",9791130655017.0,51315,국내도서>과학>지구과학>지구
화이트홀,"카를로 로벨리 (지은이), 김정훈 (옮긴이), 이중원 (감수)","세계적인 물리학자이자 ‘제2의 스티븐 호킹’이라 평가받는 카를로 로벨리 최신작. 카를로 로벨리는 최신 연구를 바탕으로 ‘화이트홀’이라는 미지의 세계, 지속적인 불확실성에 대한 실체를 추적한다.",9791165349936.0,51301,국내도서>과학>물리학>물리학 일반
이기적 유전자 - 40주년 기념판,"리처드 도킨스 (지은이), 홍영남, 이상임 (옮긴이)","과학을 넘어선 우리 시대의 고전, 『이기적 유전자』 40주년 기념판. 진화론의 새로운 패러다임을 제시한 이 책은 다윈의 ‘적자생존과 자연선택’이라는 개념을 유전자 단위로 끌어내려 진화를 설명한다.",9788932473901.0,51205,국내도서>과학>생명과학>생명과학
코스모스 - 보급판,"칼 세이건 (지은이), 홍승수 (옮긴이)","칼 세이건의 <코스모스> 특별판이 세이건의 서거 10주기를 기념하여 출간되었다. 이 특별판은 지난 2004년 12월에 출간된 <코스모스>(양장본)의 텍스트 전문과 도판 일부를 사용하고 판형을 휴대하기 쉬운 신국판으로 바꿔 출간한 책으로, 독자들이 좀 더 쉽게 칼 세이건의 메시지를 만날 수 있도록 배려한 책이다.",9788983711892.0,51310,국내도서>과학>천문학>우주과학
5개 원소로 읽는 결정적 세계사 - 세상 가장 작은 단위로 단숨에 읽는 6000년의 시간,"쑨야페이 (지은이), 이신혜 (옮긴이), 김봉중 (감수)",원소의 눈으로 읽으면 역사가 새롭고 빠르게 읽힌다. 발상의 전환이 돋보이는 《5개 원소로 읽는 결정적 세계사》는 더 이상 쪼갤 수 없는 단위의 집합인 원소에 새겨진 역사의 결정적인 24가지 순간을 기록한다.,9791140710522.0,169,국내도서>역사>세계사 일반
"물고기는 존재하지 않는다 - 상실, 사랑 그리고 숨어 있는 삶의 질서에 관한 이야기","룰루 밀러 (지은이), 정지인 (옮긴이)",집착에 가까울 만큼 자연계에 질서를 부여하려 했던 19세기 어느 과학자의 삶을 흥미롭게 좇아가는 이 책은 어느 순간 독자들을 혼돈의 한복판으로 데려가서 우리가 믿고 있던 삶의 질서에 관해 한 가지 의문을 제기한다. “물고기가 존재하지 않는다는 것은 엄연한 하나의 사실이다.,9791189327156.0,51002,국내도서>과학>기초과학/교양과학
"수학이 생명의 언어라면 - 수면부터 생체 리듬, 팬데믹, 신약 개발까지, 생명을 해독하는 수리생물학의 세계",김재경 (지은이),"수리생물학의 최전선에서 수리 모델을 이용해 생명 현상을 탐구하는 KAIST 수리과학과 교수이자 수학자인 저자는 이 책에서 생체 리듬, 신약 개발, 수면 패턴, 팬데믹 등에 관한 다양한 문제에 수학이 실제로 어떻게 활용되고 있는지를 친절하게 설명한다.",9788962624953.0,51334,국내도서>과학>수학>수학 일반
구름관찰자를 위한 그림책,"개빈 프레터피니 (지은이), 윌리엄 그릴 (그림), 김성훈 (옮긴이)","구름 감상을 시작하려는 초보 구름관찰자들을 위한 감성적인 안내서이자, 구름 감상에 매료된 전 세계 구름관찰자들에게는 근사한 선물이 될 책. ‘구름감상협회’를 설립하고 시종일관한 구름 사랑을 이어온 개빈 프레터피니가 글을 쓰고, 케이트 그리너웨이상과 볼로냐 라가치상을 수상한 저명한 일러스트레이터 윌리엄 그릴이 그림을 그렸다.",9788934933922.0,51318,국내도서>과학>지구과학>기상학/기후
어마어마한 수학 - 수학에 미치는 6가지 이유,"나가노 히로유키 (지은이), 김찬현 (옮긴이)",“당신에게 수학의 문이 활짝 열리기를” 일본의 수포자들을 열광시킨 50만 부 수학책 저자 나가노 히로유키의 특별한 수학 강의.,9788962624328.0,51334,국내도서>과학>수학>수학 일반
동물들처럼 - 진화생물학으로 밝혀내는 늙지 않음의 과학,"스티븐 어스태드 (지은이), 김성훈 (옮긴이)","진화생물학으로 노화 연구의 실마리를 모색하는 세계적 석학 스티븐 어스태드 교수의 신작. 인간의 최장 수명을 두고 내기를 벌인 것으로도 유명한 어스태드 교수가 새, 벌거숭이두더지쥐, 박쥐, 고래, 조개 등 육해공 장수 동물의 매혹적인 삶의 역사를 펼쳐 보인다.",9791155815601.0,51208,국내도서>과학>생명과학>생물학
초등 미니 논술 일력 365 (스프링) - 하루 5분 식탁 토론으로 다지는,오현선 (지은이),"저자의 베스트셀러 &lt;뚝딱! 미니 논술&gt;은 수많은 아이들에게 글쓰기의 막막함은 털어내고, 만만한 자신감의 세계로 안내하고 있다. 매일 어떤 대화를 해야 할지 몰랐는데 대화거리가 생겨 너무 좋았다는 독자들의 뜨거운 반응을 모아, 1일 1주제 말하기 연습을 일력으로 구성하였다.",9791168222267.0,48945,국내도서>어린이>책읽기/글쓰기>논리/논술
[큰글자책] 지금 이대로 좋다 - 자유롭고 행복하고 싶은 당신에게 전하는 법륜스님의 희망편지,"법륜 (지은이), 박정은 (그림)","&lt;인생수업&gt; &lt;지금, 여기, 깨어있기&gt; &lt;법륜스님의 행복&gt; 등으로 인생의 고민에 대해 명쾌한 해법을 제시해 온 법륜 스님의 에세이. 지난 8년간 SNS로 매일 전해졌던 법륜 스님의 희망편지 콘텐츠를 한 권의 에세이로 정리한 책이다.",9791187297321.0,52906,국내도서>에세이>명사에세이>기타 명사에세이
[큰글자도서] 하루 한 장 나의 어휘력을 위한 필사 노트 - 할 말은 많지만 쓸 만한 말이 없는 어른들의 숨은 어휘력 찾기,유선경 (지은이),"《어른의 어휘력》, 《감정 어휘》 어휘력 도서 최다 판매 유선경 작가의 첫 필사책. “오늘부터 하루 한 장, 나의 어휘력을 위한 필사를 시작합니다”",9791171712120.0,51378,국내도서>인문학>교양 인문학
오전의 살림 일력 365 - 일상을 돌보는 다정한 시간,정이숙 (지은이),인스타그램과 브런치에서 ‘오전열한시’라는 이름으로 살림 이야기를 나누며 신뢰받는 살림 멘토가 된 정이숙 작가는 이 책에서 1월 1일부터 12월 31일까지 계절과 절기에 꼭 맞는 살림 정보와 삶의 가장 기본적인 일인 살림의 가치를 새롭게 일깨우는 이야기를 전한다.,9791191462289.0,53484,국내도서>요리/살림>살림/정리수납
"나태주, 지금의 안부 - 당신의 한 주를 보듬는 친필 시화 달력",나태주 (지은이),"1주 1시, 일주일을 채우는 포근한 안부 한 편. 나태주 시인이 주간달력 형태의 친필 시화집으로 다시 우리를 찾아왔다. 일주일마다 넘기는 탁상 스프링북으로 한 주에 한 편씩 시화 작품을 감상하며 스스로의 안부를 챙길 수 있다.",9791168416642.0,51167,국내도서>소설/시/희곡>시>한국시
[큰글씨 스프링북] 초급부터 고급까지 한권으로 즐기는 스도쿠 퍼즐 ,베이직콘텐츠연구소 (지은이),"스도쿠 입문자를 위해 초급부터 고급까지 다양한 문제들로 구성하여, 총 150문제 중 4x4 스도쿠 30개와 6x6스도쿠 50개, 9x9스도쿠 70개를 담은 책.",9791163400080.0,53531,국내도서>건강/취미>퍼즐/스도쿠/퀴즈
[큰글씨책] 타이탄의 도구들  - 1만 시간의 법칙을 깬 거인들의 61가지 전략,"팀 페리스 (지은이), 박선령, 정지현 (옮긴이)","2017년 아마존과 '뉴욕 타임스' 베스트셀러 1위를 기록한 &lt;타이탄의 도구들&gt; 큰글씨책. 출간 전부터 전 세계 독자들의 뜨거운 지지와 관심을 받았던 이 책에는 알랭 드 보통, 세스 고딘, 말콤 글래드웰 등 이 시대 가장 성공한 인물들의 생생한 목소리가 담겨 있다.",9791158510862.0,70216,국내도서>자기계발>성공>성공학
[큰글자도서] 세이노의 가르침 1,세이노(SayNo) (지은이),"2000년부터 발표된 그의 주옥같은 글들. 독자들이 자발적으로 만든 제본서는 물론, 전자책과 앱까지 나왔던 《세이노의 가르침》이 드디어 전국 서점에서 독자들을 마주한다. 여러 판본을 모으고 저자의 확인을 거쳐 최근 생각을 추가로 수록하였다.",9791168478619.0,70216,국내도서>자기계발>성공>성공학
황현필의 한국사 평생 일력,황현필 (지은이),"저자가 직접 선정한 한국사 365일을 하루에 한 장씩 담았다. 1월 1일부터 12월 31일까지 하루하루 그날과 관련된 한국사를 고대사부터 현대사에 이르기까지 사건, 인물, 문화유산 등 다양한 주제로 소개한다. 더불어 오늘 있었던 다른 역사를 함께 소개한다.",9791197693090.0,52593,국내도서>역사>한국사 일반
뿌미맘 가계부 Gold Edition - 만년형,상큼한 뿌미맘 차지선 (지은이),"종합베스트셀러 1위를 기록하며 화제를 모은 ‘뿌미맘 가계부’를 스페셜한 ‘Gold Edition’으로 만난다. 부와 행운의 상징인 ‘골드’ 컬러의 표지, 언제든 쓸 수 있는 만년형 포맷, 미니멀하고 심플한 블랙을 사용한 내부 디자인, 가계부 에센셜만 모아서 더욱 가볍게 만들었다.",9791161506753.0,90452,국내도서>요리/살림>가계부
이기적 유전자 - 40주년 기념판,"리처드 도킨스 (지은이), 홍영남, 이상임 (옮긴이)","과학을 넘어선 우리 시대의 고전, 『이기적 유전자』 40주년 기념판. 진화론의 새로운 패러다임을 제시한 이 책은 다윈의 ‘적자생존과 자연선택’이라는 개념을 유전자 단위로 끌어내려 진화를 설명한다.",9788932473901.0,51205,국내도서>과학>생명과학>생명과학
경제금융용어 700선,한국은행 (엮은이),,9791155383933.0,8587,국내도서>경제경영>경제학/경제일반>화폐/금융/재정
모성간호학 - 개정판,모성간호학 문제집 편집위원 (지은이),한국보건의료인국가시험원의 간호사 국가시험을 대비할 수 있는 교재다. 간호 실무현장에서 간호사로서의 직무를 수행하는데 요구되는 지식과 태도 및 능력의 향상을 위해 실제로 일어나는 사례를 제시하고 문제해결 능력을 갖출 수 있도록 사례문항을 다수 수록하였다.,9788958821625.0,55014,국내도서>대학교재/전문서적>의약학간호계열>시험 대책>간호사 국가 시험
첫 1년 움직임의 비밀 - 평생을 좌우하는 영유아기 움직임 발달,"마리안 헤름센-판 완로이 (지은이), 하주현 (옮긴이)","소아 전문 물리치료사로 50년간 일한 지은이가 3,000명 이상의 영유아를 만나며 작업한 경험을 바탕으로 수많은 부모와 동료의 요청으로 만들어진 책이다. 이 책은 아기가 어떤 과정을 거쳐 성장 발달하는지, 그리고 운동 발달이 올바르게 일어나도록 도와주는 것이 왜 중요한지를 알려준다.",9791186202753.0,51786,국내도서>좋은부모>육아>육아법/육아 일반
AI 시대와 언어 - The Era of A.I. & The Language,윤규철 (지은이),"현재 대학에서 가르치고 있는 'AI 시대와 언어'라는 강의의 교재로 만들었다. 인공지능에 관한 많은 뉴스 매체의 보도, 전문가들의 기고문들을 통해 학생들이 알아야 할 가장 최신의 소식과 기술적 지식을 습득할 수 있도록 수록하였다.",9791190768061.0,13663,국내도서>대학교재/전문서적>자연과학계열>과학일반
현대 이상심리학 - 3판,권석만 (지은이),,9788999729126.0,8328,국내도서>대학교재/전문서적>인문계열>심리학
가족상담 - 4판,김유숙 (지은이),,9788999726347.0,8328,국내도서>대학교재/전문서적>인문계열>심리학
심리평가의 최신 흐름 - 2판,"이우경, 이원혜 (지은이)",,9788999718878.0,8328,국내도서>대학교재/전문서적>인문계열>심리학
유아교사론 - 제6판,박은혜 (지은이),,9788942613557.0,8435,국내도서>대학교재/전문서적>사범계열>유아교육학
현대 심리치료와 상담 이론 - 마음의 치유와 성장으로 가는 길,권석만 (지은이),"현재 세계적으로 가장 널리 시행되고 있을 뿐만 아니라 이론적 체계를 잘 갖춘 12개의 치료적 입장을 소개하고 있다. 각 치료적 입장에서 제시하고 있는 성격 이론, 정신병리 이론, 치료 원리, 치료기법과 과정, 그리고 장단점을 심도 있게 살펴보고자 했다.",9788963309262.0,8328,국내도서>대학교재/전문서적>인문계열>심리학
"주술회전 27 트리플 특장판 - 양면 커버 + 티켓풍 책갈피 + 일러스트 카드 세트(PET), 바보 서바이버!!","아쿠타미 게게 (지은이), 이정운 (옮긴이)",,9791136791047.0,4133,국내도서>만화>본격장르만화>판타지>액션 판타지
괴수 8호 13 (트리플 특장판) - 초판한정 일러스트 카드 + 한국한정 양면 일러스트 커버 + 한정 아크릴 포토 카드,"마츠모토 나오야 (지은이), 유유리 (옮긴이)",타치카와에 발생한 괴수 9호의  수중에 떨어진 아시로 미나. 미나를 구출하러 가려는 카프카를 도쿄 곳곳에서 나타난 대괴수들이 가로막는다.,9791136790835.0,3724,국내도서>만화>소년만화>액션
열혈강호 91,"전극진 (지은이), 양재현 (그림)",,9791172882686.0,2558,국내도서>만화>소년만화>무협
던전밥 월드 가이드 모험자 바이블 완전판 - S코믹스,"쿠이 료코 (지은이), 김민재 (옮긴이)","인기 판타지 만화《던전밥》, 그 모든 것이 담긴 공식 설정집, 완전판. 2021년 발매된《던전밥 월드 가이드 모험자 바이블》에 오리지널 만화와 비장의 설정 자료를 추가하고, 만화 100페이지, 일러스트 100점 이상을 수록했다.",9791138484183.0,2553,국내도서>만화>본격장르만화>SF/가상사회
반딧불이의 혼례 3,"타치바나 오레코 (지은이), 유유리 (옮긴이)","살날이 얼마 남지 않은 화족 영애 사토코는 어느 날 납치되어 ‘유녀도’에 갇혀버린다. 그곳에서 살인 청부업자 신페이의 도움을 받아 목숨을 건진 뒤로 이질적일 정도로 사랑받게 되는데――. 유곽에서 위기를 벗어난 사토코와 신페이는, 비밀리에 수배해 둔 배를 타고 섬 탈출을 시도한다.",9791136790620.0,4134,국내도서>만화>본격장르만화>판타지>드라마틱 판타지
사피엔스 : 그래픽 히스토리 Vol.1 - 인류의 탄생,"유발 하라리 (원작), 다니엘 카사나브 (그림), 김명주 (옮긴이), 다비드 반데르묄렝 (각색)",《사피엔스: 그래픽 히스토리》 시리즈는 교양 논픽션인 원작의 핵심이 기발한 각색과 세련된 그림을 통해 흡인력 강한 스토리텔링으로 재탄생한 그래픽노블의 걸작이다. 그중 첫 권은 원작의 ‘1부 인지혁명’을 다룬다.,9788934991328.0,51378,국내도서>인문학>교양 인문학
반딧불이의 혼례 3 (한정판) - 양면 책갈피 (지류) + 아크릴 메모 스탠드 세트,"타치바나 오레코 (지은이), 유유리 (옮긴이)",살날이 얼마 남지 않은 화족 영애 사토코는 어느 날 납치되어 ‘유녀도’에 갇혀버린다. 그곳에서 살인 청부업자 신페이의 도움을 받아 목숨을 건진 뒤로 이질적일 정도로 사랑받게 되는데.,9791136791191.0,4134,국내도서>만화>본격장르만화>판타지>드라마틱 판타지
"일이어도, 일이 아니어도 - 만화와 요시나가 후미: 요시나가 후미 인터뷰집","요시나가 후미 (지은이), 김솜이 (옮긴이), 야마모토 후미코 (인터뷰이)","30년이 넘는 세월 동안 유수의 명작들을 그려온 요시나가 후미는 작품마다 삶의 아이러니, 인간관계의 역설을 날카롭게 그려왔다. 인터뷰집 『일이어도, 일이 아니어도 : 만화와 요시나가 후미』는 그런 그가 만화를 처음 만난 어린 시절부터 데뷔작을 그리고 대표작을 완결하며, 현재 연재중인 최신작에 이르기까지의 만화 일생을 담고 있다.",9791141606954.0,3748,국내도서>만화>논픽션/휴먼만화
원펀맨 One Punch Man 30 - 최대의 벽,"ONE (지은이), 무라타 유스케 (그림)",,9791172455521.0,4133,국내도서>만화>본격장르만화>판타지>액션 판타지
주술회전 26 쿼드러플 특장판 - 최강 캐릭터 책갈피(초판 부록) + 스탠딩 POP 3종(선착순 부록),"아쿠타미 게게 (지은이), 이정운 (옮긴이)","급이 다른 규모로 펼쳐지는 고죠 VS. 스쿠나의 최강 결전…! 영역의 동시 전개와 타서 끊어진 술식의 회복을 반복하던 전투는, 마허라가 소환되고 고죠의 영역 전개가 불가능해지면서 균형이 무너진 것처럼 보이는데――?!",9791136788429.0,4133,국내도서>만화>본격장르만화>판타지>액션 판타지
불안 세대 - 디지털 세계는 우리 아이들을 어떻게 병들게 하는가,"조너선 하이트 (지은이), 이충호 (옮긴이)","세계적인 사회심리학자 조너선 하이트의 신작 『불안 세대』가 전 세계를 뜨겁게 달구고 있다. 베스트셀러 『바른 마음』으로 ‘영미권에서 가장 논쟁적인 학자’으로 부상한 그는 스마트폰과 소셜 미디어, 인터넷이 청소년 정신 건강 위기를 초래하고 있다는 충격적인 주장을 내놓는다.",9788901285894.0,51378,국내도서>인문학>교양 인문학
일생에 한번은 헌법을 읽어라 - 흔들릴 때마다 삶의 중심을 잡아주는 기준에 관하여,이효원 (지은이),"서울대 법학전문대학원 이효원 교수는 헌법이야말로 인간 삶의 투명한 거울이라고 말하며 살면서 누구나 한번쯤은 헌법을 읽을 것을 강력히 권한다. 대한민국이 어떠한 나라가 되어야 한다고 축약해놓은 규범이자, 다양한 사고방식과 생활양식을 지닌 사람들이 더불어 살아가기 위해 만든 기반인 헌법을 공부함으로써 내가 어떤 사람이 되어야 하는지, 어떻게 살아야 하는지를 성찰할 수 있기 때문이다.",9791139717013.0,51381,국내도서>인문학>인문 에세이
동아시아반일무장전선 - 1974-75년 일제전범기업 연쇄폭파사건,"마쓰시타 류이치 (지은이), 송태욱 (옮긴이)","동아시아반일무장전선은 과거의 식민 지배와 침략전쟁에 대한 책임을 망각한 일본과 아시아 곳곳에서 노동력과 자원을 착취해 온 전범 기업을 막기 위해 격렬한 폭탄 투쟁으로 문제를 제기했다. 이 책은 동아시아반일무장전선의 주요 멤버인 다이도지 마사시에 주목하여 투쟁을 시작한 계기와 과정, 체포 이후의 회고와 반성을 따라가며 잊혀진 기억들을 다시 복원한다.",9791198135834.0,51136,국내도서>사회과학>사회운동>사회운동 일반
"사피엔스 - 유인원에서 사이보그까지, 인간 역사의 대담하고 위대한 질문","유발 하라리 (지은이), 조현욱 (옮긴이), 이태수 (감수)",2011년 원서 출간 이후 10년을 돌아보고 위기 상황을 맞은 인류에게 건네는 제언이 특별 서문으로 수록되었다. 현재 인류는 그 어느 때보다 어려운 상황을 맞고 있다. 난국을 헤쳐나가기 위해 무엇을 해야 할까? 저자는 더 나은 세상을 위한 키워드로 ‘인간 이해’를 강조한다.,9788934972464.0,51545,국내도서>인문학>인류학/고고학>인류학
"지도로 보아야 보인다 - 지도를 펼치지 않고는 지금의 세상을, 다가올 세계를 제대로 볼 수 없다","에밀리 오브리, 프랭크 테타르, 토마 앙사르 (지은이), 이수진 (옮긴이)","아시아, 유럽, 아메리카, 중동, 아프리카 등 5대륙 28개국의 21세기 지정학적 현황을 120개의 생생하고 스펙터클한 지도와 함께 설명하는 책으로, 저자는 프랑스에서 7년째 매주 토요일 저녁 아르테(Arte) TV에서 방영되는 지정학 프로그램인 「Le Dessous des cartes(지도의 이면)」의 진행과 총괄 책임을 맡고 있는 저널리스트다.",9788993178302.0,51164,국내도서>사회과학>지리학/지정학>지정학
그의 운명에 대한 아주 개인적인 생각,유시민 (지은이),"우리가 묻고 싶었던 것, 그리고 유시민의 답. 우리가 겪어낸 지난 2년을 정리하고 다시 해체해 냉철하게 원인과 결과를 분석하며 개인과 사회가 겪어야 했던 변화들을 일목요연하게 보여준다.",9788965138068.0,51064,국내도서>사회과학>비평/칼럼>정치비평/칼럼
자본주의 + 사회주의 세상을 탐험하는 지적인 여성을 위한 안내서 - 버나드 쇼에게 쓰게 한 메리의 책,"조지 버나드 쇼 (지은이), 김일기, 김지연 (옮긴이)",버나드 쇼는 자신의 처제는 물론이고 세상의 모든 지적인 여성을 위해 남자들이 독점하다시피 한 경제와 정치의 세계를 친절하게 안내한다. “노벨문학상과 오스카상을 모두 수상한 작가”라는 명성에 걸맞게 딱딱한 경제 이야기를 유쾌하게 풀어내며 경제의 핵심을 꿰뚫는다.,9791196112035.0,51154,국내도서>사회과학>사회사상/사회사상사>사회사상/사회사상사 일반
"도둑맞은 집중력 (아이스 에디션) - 집중력 위기의 시대, 삶의 주도권을 되찾는 법","요한 하리 (지은이), 김하현 (옮긴이)","집중력 부족을 개인 탓, 도파민 탓이라고 생각했던 통념에서 깨어나 사회 시스템의 문제를 인식하자는 제안을 던진 책 《도둑맞은 집중력》이 30만 부 기념 특별 한정판 ‘아이스 에디션’으로 돌아왔다. 집중력 문제를 새롭게 진단하고, 개인을 넘어선 사회적 해결책을 강구하기 위해 폭넓은 탐사를 시작한다.
",9791167740984.0,51514,국내도서>인문학>심리학/정신분석학>교양 심리학
총 균 쇠 - 인간 사회의 운명을 바꾼 힘,"재레드 다이아몬드 (지은이), 강주헌 (옮긴이)","학문의 경계를 넘나드는 세계적 석학 재레드 다이아몬드. 인류 문명에 대한 예리한 통찰을 전해온 그의 대표작이자 1998년 퓰리처상 수상작 《총, 균, 쇠》를 새 번역, 새 편집으로 만난다. 출간 25년 기념 뉴에디션에는 2023년 저자 특별서문과 서울대 인류학과 박한선 교수의 해제, 새 서문과 후기를 수록해 풍성한 읽을거리를 더했다.",9788934942467.0,51378,국내도서>인문학>교양 인문학
어떻게 극단적 소수가 다수를 지배하는가 - 우리의 민주주의가 한계에 도달한 이유,"스티븐 레비츠키, 대니얼 지블랫 (지은이), 박세연 (옮긴이)",정치 분야 최장기 스테디셀러 《어떻게 민주주의는 무너지는가》 후속작. 하버드대 정치학자 스티븐 레비츠키와 대니얼 지블랫이 극단적 사상을 가진 소수가 상식적 다수를 지배하게 되는 현대 민주주의 체제의 한계를 분석한다.,9791167741509.0,51233,국내도서>사회과학>정치학/외교학/행정학>정치학 일반
언젠가 우리가 같은 별을 바라본다면,"차인표 (지은이), 제딧 (그림)","고국을 떠나 70년 만에 필리핀의 한 작은 섬에서 발견된 쑤니 할머니의 젊은 시절을 담은 이야기이다. 작가는 우리나라가 일본에 주권을 빼앗긴 채 가난하고 핍박받던 시절을 맨몸으로 버텨 낸 우리 어머니의 어머니, 아버지의 아버지들의 이야기를 남기고자 집필을 시작했다.",9791191061048.0,50759,국내도서>청소년>청소년 문학>청소년 소설
이중 하나는 거짓말,김애란 (지은이),한국문학의 결정적 순간을 만들어온 젊은 거장 김애란의 장편소설. 몇 년 전 진행된 한 인터뷰에서 차기작에 대해 묻는 질문에 작가가 “빛과 거짓말 그리고 그림에 관한 이야기”라고 설명한 것 외에는 모든 것이 베일에 가려져 있던 바로 그 작품이 오랜 기다림 끝에 마침내 공개된다.,9791141601300.0,50993,국내도서>소설/시/희곡>한국소설>2000년대 이후 한국소설
영원한 천국,정유정 (지은이),"출간된 작품마다 독자들을 ‘정유정 월드’로 이끌어온 소설가 정유정의 신작이 출간된다. 《28》에서는 전염병을, 《진이, 지니》에서는 호미노이드를 다루며, 세계의 변화를 선험적으로 감지하여 그 안에서 가장 인간다운 것이 무엇인지 탐구해온 작가의 이번 신작은 《완전한 행복》에 이은 욕망 3부작의 두 번째 책, 《영원한 천국》이다.",9791167374561.0,50993,국내도서>소설/시/희곡>한국소설>2000년대 이후 한국소설
푸른 들판을 걷다,"클레어 키건 (지은이), 허진 (옮긴이)","초역작 『맡겨진 소녀』와 대표작 『이처럼 사소한 것들』로 독서가들의 열렬한 사랑을 받은 아일랜드 소설가 클레어 키건의 신간이 다산책방에서 출간되었다. 『푸른 들판을 걷다』는 국내에 세 번째로 소개하는 작가의 작품이자, 처음으로 선보이는 소설집이다.",9791130654621.0,52652,국내도서>소설/시/희곡>세계의 소설>아일랜드소설
당신이 누군가를 죽였다,"히가시노 게이고 (지은이), 최고은 (옮긴이)",일본 최고의 베스트셀러 작가 히가시노 게이고의 장편소설『당신이 누군가를 죽였다』가 출간되었다. 작품은 장르문학계의 거장인 작가가 101번째 작품을 맞아 추리소설의 원점으로 돌아가 ‘황금시대 미스터리’의 매력을 유감없이 발휘한 걸작으로 평단과 독자의 호평을 받고 있다.,9791170611561.0,51058,국내도서>소설/시/희곡>추리/미스터리소설>일본 추리/미스터리소설
모순 - 개정판,양귀자 (지은이),"작가 양귀자가 1998년 펴낸 세 번째 장편소설로, 책이 나온 지 한 달 만에 무서운 속도로 베스트셀러 1위에 진입, 출판계를 놀라게 하고 그해 최고의 베스트셀러로 자리 잡으면서 ‘양귀자 소설의 힘’을 다시 한 번 유감없이 보여준 소설이다.",9788998441012.0,50994,국내도서>소설/시/희곡>한국소설>2000년대 이전 한국소설
면도날,"서머싯 몸 (지은이), 안진환 (옮긴이)","&lt;인간의 굴레에서&gt; &lt;달과 6펜스&gt;와 함께 서머싯 몸의 대표적인 장편소설로, 1930년대 유럽을 배경으로 꿋꿋이 자신만의 길을 개척하는 한 젊은이의 구도적 여정을 그린다. 날카로운 면도날을 넘어서는 것처럼 고되고 험난한 구도의 길을 선택한 한 젊은이를 통해 삶이 무엇인지에 대한 본원적인 질문을 던진다.",9788937462146.0,50919,국내도서>소설/시/희곡>영미소설
백설공주에게 죽음을 (특별판),"넬레 노이하우스 (지은이), 김진아 (옮긴이)",전 세계에 독일 미스터리를 각인시킨 작가 넬레 노이하우스의 대표작이자 유럽 최고 인기 시리즈인 '타우누스 시리즈'의 네 번째 작품이다. 이 책은 2010년 출간 사흘 만에 베스트셀러 순위에 올라 무려 32주 동안 1위를 지키는 기염을 토했다.,9791158792152.0,51067,국내도서>소설/시/희곡>추리/미스터리소설>기타국가 추리/미스터리소설
하늘과 땅 식료품점,"제임스 맥브라이드 (지은이), 박지민 (옮긴이)","아프리카계 흑인 아버지와 유대인 백인 어머니 사이에 태어난 제임스 맥브라이드가 자기 뿌리와 경험을 바탕으로 집필한 소설로, 실존하는 펜실베이니아 포츠타운에 ‘치킨힐’이라는 가상의 마을을 세워 우리를 이렇게 또 다른 세계로 안내하고자 한다.",9791185851303.0,50919,국내도서>소설/시/희곡>영미소설
가연물,"요네자와 호노부 (지은이), 김선영 (옮긴이)","요네자와 호노부의 최신작 《가연물》이 드디어 국내에 소개된다. 2023년 7월에 발간된 《가연물》은 주요 미스터리 랭킹에서 《야경》, 《왕과 서커스》, 《흑뢰성》에 이어 작가 통산 네 번째 3관왕을 달성했다.",9791192738406.0,51058,국내도서>소설/시/희곡>추리/미스터리소설>일본 추리/미스터리소설
"2024 큰별쌤 최태성의 별★별한국사 한국사능력검정시험 심화(1, 2, 3급) 상 - 한국사능력검정시험 심화(1, 2, 3급)에 대비한 맞춤 기본서",최태성 (지은이),"오랜 연구와 검증으로 한국사에 기초가 전혀 없는 사람도 단기간에 한능검에 합격할 수 있는 최적의 구성을 완성하였다. 판서의 장인 큰별쌤 최태성이 핵심만을 모아 만든 아트 판서를 수록하고, 시험에 자주 등장하는 사료, 사진, 지도 등을 모아 해설하여 합격을 위한 필수 개념을 익히기 쉽게 하였다.",9791138919999.0,166525,"국내도서>수험서/자격증>한국사능력검정시험>심화(1,2,3급)"
"2024 큰별쌤 최태성의 별★별한국사 한국사능력검정시험 심화(1, 2, 3급) 하 - 한국사능력검정시험 심화(1, 2, 3급)에 대비한 맞춤 기본서",최태성 (지은이),"한국사에 기초가 전혀 없는 사람도 단기간에 한능검에 합격할 수 있는 수험서다. 판서의 장인 큰별쌤 최태성이 핵심만을 모아 만든 아트 판서를 수록하고, 시험에 자주 등장하는 사료, 사진, 지도 등을 모아 해설하여 합격을 위한 필수 개념을 익히기 쉽게 하였다.",9791138920001.0,166525,"국내도서>수험서/자격증>한국사능력검정시험>심화(1,2,3급)"
2025 유휘운 행정법총론 요약노트 + 기출문제 (요플) - 9·7급 공무원·소방·군무원 시험 대비,유휘운 (지은이),,9791167227379.0,34632,국내도서>수험서/자격증>공무원 수험서>7/9급 공무원>행정법>7/9급 교재
"2024 큰별쌤 최태성의 별★별한국사 기출 500제 한국사능력검정시험 심화 (1, 2, 3급) - 2024 시험 대비, 68~59회 수록",최태성 (지은이),"2023년 68회 시험부터 2022년 59회 시험까지 최신 기출문제 10회분, 총 500문항으로 구성되었다. '기출 BOOK'은 실제 시험지를 그대로 구현하여 실전과 같은 문제풀이가 가능하며, '해설 BOOK'은 모든 선택지의 자세한 해설뿐만 아니라 기출 선택지와 핵심 내용도 수록하였다.",9791138920162.0,166525,"국내도서>수험서/자격증>한국사능력검정시험>심화(1,2,3급)"
2025 써니 행정법총론 (기출지문 암기 App 이용쿠폰 제공) - 전2권 - 공무원 전 직렬 시험대비,박준철 (지은이),"공무원 행정법 교재 기본서다. 개정판에서는 전년 대비 20% 압축하는 것과 동시에 최신 트렌드를 완벽 반영하였고, 시험에 필요한 내용 위주로 전면 구성하였다. 내용 및 구성적 측면에서 '개념 정리, 문제 적용, 심화 학습'이 한번에 가능하도록 하였다.",9791160183948.0,34632,국내도서>수험서/자격증>공무원 수험서>7/9급 공무원>행정법>7/9급 교재
"2025 써니 행정법총론 핵심집약 (기출지문 암기 App 이용쿠폰 제공) - '이론, 기출, 키워드'로 정리하는 단권화 요약서",박준철 (지은이),"핵심 이론, 기출○×, 키워드를 1:1로 매칭하여 효과적으로 압축 정리한 수험서다. 콤팩트한 ‘이론편’ & 워크북 형태의 ‘문제편’을 분리하여 자신의 학습 상황에 맞게 활용할 수 있다. 다양한 학습 비기와 학습 프로그램을 활용해 전략적으로 학습할 수 있도록 구성하였다.",9791160183917.0,34632,국내도서>수험서/자격증>공무원 수험서>7/9급 공무원>행정법>7/9급 교재
2025 문동균 한국사 한 권으로 모든 것을 정리하는 판서노트 (한정판),문동균 (지은이),"&lt;한권으로 모든 것을 정리하는 판서노트&gt;는 문동균 강사의 강의와 판서 내용, 수험 필수 내용을 한 권으로 집약한 교재로 흐름과 이해, 심화까지 한 번에 정리·완성할 수 있도록 구성된 최단기 이론 완성 교재이다.",9791169662352.0,34630,국내도서>수험서/자격증>공무원 수험서>7/9급 공무원>한국사>강의노트/기타
2024 김건호 헌법 최근 3개년 기출·예상 헌법판례 하반기,김건호 (지은이),"국가직 7급, 지방직 7급, 변호사, 5급 공채, 입법고시, 소방간부, 경정승진, 법무사 등 각종 시험 대비 헌법 판례집이다. 2021년 1월부터 2024년 7월까지 최근 3개년 판례 중 이미 출제되었거나 출제가 유력한 판례들을 정리하여 수록했다.",9791167227409.0,34617,국내도서>수험서/자격증>공무원 수험서>7/9급 공무원>법학>헌법
2025 문동균 한국사 기출은 문동균,문동균 (지은이),"2024년 최근 시행된 국가직·지방직 등 주요 공무원 시험의 기출 문제와 최신 출제 경향에 따라 핵심 기출만 엄선한 1,000제를 수록한 기출문제집이다. 주제별로 대표 기출 문제를 먼저 배치하여 최신 출제 경향을 제시하였다.",9791169662376.0,34631,국내도서>수험서/자격증>공무원 수험서>7/9급 공무원>한국사>기출/문제집/모의고사
2025 선재국어 수비니겨 기본서 - 전2권 - 공무원 시험 대비,이선재 (지은이),,9791169662444.0,34612,국내도서>수험서/자격증>공무원 수험서>7/9급 공무원>국어>7/9급 기본서 및 부교재
흔한남매 과학 탐험대 11 : 여러 가지 힘,"흔한남매 (원작), 김언정, 송은경 (글), 김덕영 (그림), 흔한컴퍼니 (감수), 정현철, 김희목, 권경아, 최진수 (기획)","《흔한남매 과학 탐험대》 시리즈는 과학을 처음 접하는 아이들이 과학의 주요 내용을 미리 맛볼 수 있는 초등 과학 입문서이다. 흔한남매가 최고의 과학 전문가들과 함께 우주, 지구와 달, 우리 몸 등을 여행하며 쉽고 재미있게 과학 지식을 배운다.",9788934935193.0,48870,국내도서>어린이>과학/수학/컴퓨터>지구와 우주
내 인생 최악의 일주일 1 - 월요일,"이바 이모리스, 맷 코스그로브 (지은이), 김영진 (옮긴이)","소심하지만 사랑스러운 6학년 소년 저스틴의 인생에서 가장 끔찍하게 웃기는 한 주를 담은 초등 동화 시리즈의 첫 권, 『내 인생 최악의 일주일 1 : 월요일』이 출간되었다. 호주와 뉴질랜드에서만 약 20만 부가 판매되었고 전 세계 34개 언어 50여 개국에 수출된 베스트셀러 시리즈다.",9788949144511.0,48877,국내도서>어린이>동화/명작/고전>외국창작동화
설민석의 한국사 대모험 30 - 공민왕 편 : 세상에서 가장 슬픈 이야기,"설민석, 스토리박스 (지은이), 정현희 (그림), 강석화 (감수)","공민왕과 노국대장공주의 사랑 이야기를 재미있는 만화로 담아냈다. 고려 왕자였던 공민왕과 원나라 공주였던 노국대장공주가 어떻게 결혼하게 됐는지, 두 사람이 서로를 얼마나 아끼고 응원했는지 설쌤과 함께 확인해 보자.",9791193031681.0,48904,국내도서>어린이>초등 한국사
푸른 사자 와니니 7 - 인간의 길에서,"이현 (지은이), 오윤화 (그림)",‘푸른 사자 와니니’ 시리즈는 아프리카 초원을 배경으로 암사자 와니니가 친구들과 위기를 극복하고 무리를 이루는 과정을 흥미진진하게 그려 내며 후속권이 출간될 때마다 독자들의 열렬한 응원을 받고 있다.,9788936443368.0,48874,국내도서>어린이>동화/명작/고전>국내창작동화
Who? Special 페이커,"오기수, 김정욱 (지은이), 이지은 (그림), 이상혁 (감수)",페이커의 어린 시절 이야기부터 전 세계 최강 프로 게이머의 자리에 오르기까지의 만화로 재미있게 풀어냈다. 지금도 e스포츠계의 전설을 써 내려가고 있는 페이커의 성장 스토리를 《who? 스페셜 페이커》에서 만나 보자.,9791130655383.0,48902,국내도서>어린이>문화/예술/인물>한국인물
흔한남매 세계사 탐험대 1 - 고대 문명의 탄생,"진서 (지은이), 흔한남매 (원작), 팀키즈 (그림), 곽민수 (감수), 전국역사교사모임 세계사 분과 (기획)","《흔한남매 세계사 탐험대》 시리즈는 세계사를 처음 배우는 초등학생을 위한 세계사 입문 학습만화이다. 어린이들이 세계사의 흐름을 자연스럽게 이해할 수 있도록 시간순으로 세계사의 주요 사건들을 선별하고, 흔한남매의 흥미진진한 이야기와 엮어 기억에 오래 남도록 구성했다.",9788934941330.0,48905,국내도서>어린이>사회/역사/철학>세계사
정재승의 인간 탐구 보고서 15 : 소용돌이치는 사춘기의 뇌 (특대호) - 어린이를 위한 뇌과학 프로젝트,"정재은 (글), 김현민 (그림), 정재승 (기획), 이고은 (자문)","익숙한 듯 낯선, 인간이라는 세계로의 항해. 『정재승의 인간 탐구 보고서』 15권이 출간되었다. 이번에는 업그레이드된 ‘사춘기’다. 지구인이라면 한 번쯤 경험해 봤을 사춘기! 그런 사춘기가 외계인들에게도 영향을 주고 있다. 게다가 외계인 중에서도 사춘기를 겪고 있는 외계인이 있는 것 같은데! 사춘기의 비밀을 뇌과학과 심리학의 관점으로 파헤쳐 본다.",9788950969301.0,49609,국내도서>어린이>과학/수학/컴퓨터>우리 몸
뿔라스틱,"김성화, 권수진 (지은이), 이명하 (그림)",만만한책방에서 &lt;만만한수학&gt;과 &lt;만만한국어&gt; 시리즈에 이어 지구 생태 시리즈 &lt;지구를 생각한다&gt;를 새롭게 선보인다. 1권 &lt;뿔라스틱&gt;은 편리함의 대명사였다가 이제는 지구를 위협하는 존재로 전락해 버린 플라스틱 문제를 다룬다.,9791189499693.0,48872,국내도서>어린이>과학/수학/컴퓨터>환경 이야기
흔한남매 흔한 게임 1,"흔한남매 (원작), 권나혜 (글), 도니패밀리 (그림), 흔한컴퍼니 (감수)","몰입감 넘치는 스토리와 두뇌를 깨우는 다양한 활동으로 구성된 ‘두뇌 액티비티 코믹 북’ 시리즈이다. 흔한남매와 함께 게임 속으로 빨려 들어가 여러 가지 미션을 해결하다 보면 손에 땀을 쥐는 재미는 물론, ‘판단력’과 ‘집중력’, ‘사고력’, ‘관찰력’ 등을 기를 수 있다.",9791168418905.0,51820,국내도서>어린이>문화/예술/인물>음악/미술/예체능
에그박사 13 - 자연 생물 관찰 만화,"에그박사 (원작), 박송이 (글), 홍종현 (그림), 이승현 (감수)",인기 키즈 크리에이터 에그박사의 원작 영상을 생생한 관찰 스토리와 귀여운 생물 도감으로 재구성한 자연 생물 관찰 만화이다. 파브르의《곤충기》처럼 에그박사의 눈으로 바라본 신비롭고 놀라운 자연 생물의 이야기가 가득하다.,9791168418783.0,48869,국내도서>어린이>과학/수학/컴퓨터>생물과 생명
더 좋은 문장을 쓰고 싶은 당신을 위한 필사책,이주윤 (지은이),"《요즘 어른을 위한 최소한의 문해력》, 《요즘 어른을 위한 최소한의 맞춤법》 등 10만 독자가 선택한 작가 이주윤이 그만의 필사 글쓰기 노하우를 담은 《더 좋은 문장을 쓰고 싶은 당신을 위한 필사책》을 출간했다.",9791194033127.0,51538,국내도서>인문학>책읽기/글쓰기>글쓰기
너에게 들려주는 단단한 말,김종원 (지은이),"청소년을 위한 인생철학 에세이다. ‘나’라는 존재와 친구와의 관계, 공부와 성적, 꿈과 진로 등에 관한 고민이 커지는 청소년기는 인생이란 여정에서 어둡고 막막한 터널을 처음으로 마주하는 시기다. 어떤 생각을 키우고, 어떤 마음을 갖느냐에 따라 앞으로 펼쳐질 삶의 모양이 달라질 수도 있기에 저자는 단어 하나, 문장 하나에도 온 마음을 담았다.",9791198682550.0,1142,국내도서>청소년>청소년 인문/사회
오롯이 내 인생이잖아요 - 밀라논나 이야기,"장명숙, 이경신 (지은이)","여기 두 사람이 있다. 한 사람은 40대에 이르러 인생의 터닝 포인트를 찾았고, 다른 한 사람은 70대가 되어도 매일 설레는 삶을 살 수 있다고 말한다. 이들은 콘텐츠 기획자와 크리에이터로 만나 ‘연령주의’의 장벽을 허물고 ‘산뜻한 나이 듦’의 서사로 단시간에 우리의 눈과 귀를 사로잡았다. 두 사람은 바로 이 책의 저자이자 유튜브 〈밀라논나〉 채널의 이경신(경신)과 장명숙(논나)이다.",9788934918950.0,52905,국내도서>에세이>명사에세이>방송연예인에세이
고요한 읽기,이승우 (지은이),"작가 인생 43년, 소설쓰기로 인생에 복무하는 작가 이승우. 그의 작품세계를 대표하는 두 개의 기둥인 ‘종교적 실존’과 ‘문학적 실존’ 위에 지은 집 같은 산문집을 펴낸다.",9791141601164.0,51371,국내도서>에세이>한국에세이
즐거운 어른,이옥선 (지은이),"이옥선 작가는 독보적인 말하기와 글쓰기로 요즘 여성 독자들을 사로잡고 있는 김하나 작가의 어머니이다. 집안에 가훈처럼 내려오는 지령이 '만다꼬'(뭐한다고)일 정도로, 세간의 집들과는 사뭇 다른 분위기로 가정을 경영해온 이옥선 작가가 첫 단독에세이를 펴냈다. 책 제목은 '즐거운 어른'.",9791194184034.0,51371,국내도서>에세이>한국에세이
허송세월 - 한정부록 김훈 문장 엽서,김훈 (지은이),"삶의 어쩔 수 없는 비애와 아름다움을 누구보다 잘 이해하는 우리 시대의 문장가, 김훈. 그가 《연필로 쓰기》 이후 5년 만에 독자들을 다시 한번 사로잡을 산문으로 돌아왔다. 그 어느 때보다 치열하고 치밀했던 그의 ‘허송세월’을 담은 40여 편의 글이 실렸다.",9788930041683.0,51371,국내도서>에세이>한국에세이
"안녕, 푸바오 - 한국을 떠난 푸바오의 그리운 나날","장린 (지은이), 심지연 (옮긴이), 복보사랑, 미즈오 코지로, 원페이페이, 등이심 (사진)","2024년 6월 12일, 중국으로 반환된 지 두 달여 만에 일반에 공개되면서 수많은 팬들을 그리움에 눈물 짓게 만들었던 푸바오. 중국에서의 새로운 ‘판생’을 열어갈 푸바오의 일상을 담은 포토에세이 《안녕, 푸바오》가 출간됐다.",9791170962847.0,51376,국내도서>에세이>사진/그림 에세이
동아시아반일무장전선 - 1974-75년 일제전범기업 연쇄폭파사건,"마쓰시타 류이치 (지은이), 송태욱 (옮긴이)","동아시아반일무장전선은 과거의 식민 지배와 침략전쟁에 대한 책임을 망각한 일본과 아시아 곳곳에서 노동력과 자원을 착취해 온 전범 기업을 막기 위해 격렬한 폭탄 투쟁으로 문제를 제기했다. 이 책은 동아시아반일무장전선의 주요 멤버인 다이도지 마사시에 주목하여 투쟁을 시작한 계기와 과정, 체포 이후의 회고와 반성을 따라가며 잊혀진 기억들을 다시 복원한다.",9791198135834.0,51136,국내도서>사회과학>사회운동>사회운동 일반
"정확한 사랑의 실험 (10주년 기념 특별판, 양장)",신형철 (지은이),"섬세한 해석과 정교한 글쓰기로 신뢰받고 있는 문학평론가 신형철의 『정확한 사랑의 실험』이 출간 10주년을 맞이했다. ‘사랑의 논리’ ‘욕망의 병리’ ‘윤리와 사회’ ‘성장과 의미’라는, 비평가로서의 주요 관심사 아래 총 27편의 영화에 관해 쓴 글 22편을 엮은 책은 10년간 꾸준히 읽히며 사랑받아왔다. 10주년 기념 특별판 표지는 김마리(퍼머넌트 잉크) 디자이너가 함께했다.",9788960908932.0,52906,국내도서>에세이>명사에세이>기타 명사에세이
"세계-사이 - 찢어진 예술, 흩어진 문학, 남겨진 사유",최정우 (지은이),"철학자, 작곡가, 비평가, 번역자, 미학자인 최정우의 첫 에세이. 『세계-사이』는 독립적인 예술가로서 다채로운 이력을 보여 주고 있는 최정우의 일상에 숨은 영감과 사유의 재발견을 위한 예술 일기이다.",9791198637192.0,51381,국내도서>인문학>인문 에세이
죽기 전에 꼭 가봐야 할 인생 여행지 - 킴스트래블 국내 여행 산문집,킴스트래블 (지은이),"지금껏 많이 알려지지 않았고 본 사람이 별로 없는 국내의 숨은 비경 39곳을 담았다. 인기 여행지이건 잘 알려지지 않은 여행지이건 이번 생에는 꼭 봐야 할 풍경과 순간을 소개했다. 언제, 어느 때에 찾아가야 하는지 등 그곳을 여행하는 동안 보고 듣고 느꼈던 것들을 모두 담았다.",9791191994292.0,50827,국내도서>여행>국내 여행에세이
오늘도 여행처럼 살기로 했다 - 유럽에서 만난 빛나는 장면들,박재신(시니플) (지은이),"한참을 걷고 또 걷다가 문득 뒤를 돌아보고 싶은 순간이 있다. 그때 돌아서 보는 풍경은 거짓말처럼 모두 아름다웠다. 인생을 살면서 항상 내 선택이 후회 없는 결정이기를 기도하는데, 그중 가장 자신 있게 이야기할 수 있는 선택은 여행이었다.",9791193584545.0,50853,국내도서>여행>유럽여행>유럽여행 에세이
"내 손으로, 시베리아 횡단열차 - 일러스트레이터 이다의 카메라 없는 핸드메이드 여행일기",이다 (지은이),"태평양 연안의 블라디보스토크에서 모스크바까지 9,288㎞를 달리는 시베리아 횡단열차는 지구상에서 가장 길고, 가장 서사적으로 러시아를 여행하는 방식이다. 이야기는 많이 해도 실제로 가는 사람은 별로 없는 시베리아를 관통하는 이 무지막지한 여정을 이어간다.",9791192768236.0,50853,국내도서>여행>유럽여행>유럽여행 에세이
여행의 이유 (개정증보판) - 초판한정 각양장 + 면지 친필 사인(인쇄) 일러스트 + 책갈피 (작가 낭독 음성 QR코드),김영하 (지은이),"2019년 출간 직후 독자들의 열렬한 호응 속에 읽혀온 김영하 산문 『여행의 이유』 개정증보판이 복복서가에서 출간된다. 코로나 팬데믹 이후 우리의 일상에서 여행이란 과연 어떤 것이었는지, 김영하만의 현란하면서도 명쾌한 사유의 경로를 통해 비로소 이해해보게 되는 글 「여행이 불가능한 시대의 여행법」이 추가된 이번 『여행의 이유』 개정증보판은 김영하 산문의 정수로 불릴 만하다.",9791191114591.0,51371,국내도서>에세이>한국에세이
완전 (망)한 여행 - 망한 여행도 다시 보면 완전한 여행이 될 수 있지,"허휘수, 서솔 (지은이)",『우리 대화는 밤새도록 끝이 없지』를 통해 연대하는 여성 창작가들의 이야기로 많은 사랑을 받은 허휘수와 서솔이 이번엔 여행으로 뭉쳤다. 예술을 향한 고뇌를 대화로 풀어나갔던 저자들이 이번에는 완전 (망)한 여행을 선보인 이유는 무엇일까.,9791167822048.0,51371,국내도서>에세이>한국에세이
에이든 국내여행 가이드북 (2024-2025 개정증보2판) - 국내 4500 여개 여행지를 담은 우리나라 국내 여행 바이블,"타블라라사 편집부, 이정기 (지은이)",오랜 시간이 걸려 300여 페이지가 추가된 총 864페이지의 거대한 개정 증보 2판을 출간하게 되었다. 기존 500여 페이지로는 전국을 담기 어려웠다. 17년 차 여행콘텐츠 전문가인 대표부터 전 직원이 전국을 돌고 촬영하고 편집과정에 참여했다.,9791190073349.0,50846,국내도서>여행>국내 여행가이드>전국여행 가이드북
"디스 이즈 오사카 This Is Osaka - 오사카 교토 고베 나라 와카야마, 2024~2025년 최신판",호밀씨 (지은이),독자들이 선택한 간사이 여행 베스트셀러 1위 &lt디스 이즈 오사카&gt가 비교 불가한 최신 정보로 꽉 채운 전면 개정판으로 컴백했다.,9791192767123.0,50854,국내도서>여행>일본여행>일본여행 가이드북
디스 이즈 도쿄 This Is Tokyo - 2024~2025년 최신판,"박설희, 김민정 (지은이)",《디스 이즈 도쿄》가 한층 막강해진 최신판을 출간했다. 2023년 11월 오픈한 화제의 초고층 복합단지 아자부다이 힐스와 세계 최대 규모의 해리포터 테마파크를 비롯해 2024년 오픈 예정 명소까지 도쿄 여행의 새로운 핫스폿을 모조리 담았다.,9791192767116.0,50854,국내도서>여행>일본여행>일본여행 가이드북
"에이든 우리나라 서울 여행지도 - 수만 시간 노력해 지도의 형태로 만든 서울 여행 가이드북 2025-2026, 개정4판","타블라라사 편집부, 이정기 (지은이)",서울을 여행하고자 하는 사람에게 동선과 여행정보를 한 눈에 볼 수 있도록 만들어주는 가장 효율적인 여행지도다.  기존 자자체에서 만든 무늬만 여행지도가 아니다. 자세한 정보도 담고 있어서 여행동선을 짜고 여행을 계획하기에 최적화 되어있다.,9791190073608.0,50892,국내도서>여행>지도>수도권 지도
"내 손으로, 치앙마이 - 일러스트레이터 이다의 카메라 없는 핸드메이드 여행일기",이다 (지은이),"이다의 '내 손으로 시리즈' 세 번째 여행기. &lt;내 손으로, 발리&gt; &lt;내 손으로, 교토+오사카&gt; 등 카메라 없는 핸드메이드 여행일기로 마니아를 거느린 일러스트레이터 이다가 최근 떠오르는 동남아시아 여행지 치앙마이를 배경으로 두 달 동안 여행하고 온 이야기를 펼쳐냈다.",9788952779014.0,50859,국내도서>여행>동남아시아여행>동남아시아여행 에세이
사피엔스 : 그래픽 히스토리 Vol.1 - 인류의 탄생,"유발 하라리 (원작), 다니엘 카사나브 (그림), 김명주 (옮긴이), 다비드 반데르묄렝 (각색)",《사피엔스: 그래픽 히스토리》 시리즈는 교양 논픽션인 원작의 핵심이 기발한 각색과 세련된 그림을 통해 흡인력 강한 스토리텔링으로 재탄생한 그래픽노블의 걸작이다. 그중 첫 권은 원작의 ‘1부 인지혁명’을 다룬다.,9788934991328.0,51378,국내도서>인문학>교양 인문학
동아시아반일무장전선 - 1974-75년 일제전범기업 연쇄폭파사건,"마쓰시타 류이치 (지은이), 송태욱 (옮긴이)","동아시아반일무장전선은 과거의 식민 지배와 침략전쟁에 대한 책임을 망각한 일본과 아시아 곳곳에서 노동력과 자원을 착취해 온 전범 기업을 막기 위해 격렬한 폭탄 투쟁으로 문제를 제기했다. 이 책은 동아시아반일무장전선의 주요 멤버인 다이도지 마사시에 주목하여 투쟁을 시작한 계기와 과정, 체포 이후의 회고와 반성을 따라가며 잊혀진 기억들을 다시 복원한다.",9791198135834.0,51136,국내도서>사회과학>사회운동>사회운동 일반
"사피엔스 - 유인원에서 사이보그까지, 인간 역사의 대담하고 위대한 질문","유발 하라리 (지은이), 조현욱 (옮긴이), 이태수 (감수)",2011년 원서 출간 이후 10년을 돌아보고 위기 상황을 맞은 인류에게 건네는 제언이 특별 서문으로 수록되었다. 현재 인류는 그 어느 때보다 어려운 상황을 맞고 있다. 난국을 헤쳐나가기 위해 무엇을 해야 할까? 저자는 더 나은 세상을 위한 키워드로 ‘인간 이해’를 강조한다.,9788934972464.0,51545,국내도서>인문학>인류학/고고학>인류학
몽골제국 연대기,"라시드 앗 딘 (지은이), 김호동 (옮긴이)",중앙유라시아 역사 분야에서 독보적인 업적을 인정받는 서울대학교 김호동 교수가 세계 최초의 세계사 『집사』의 세계 최초 축약본인 『몽골제국 연대기』를 완성했다. 13세기에 몽골 기마군단이 말을 달리기 시작하자 동서양은 다시는 이전으로 돌아갈 수 없을 만큼 가까워졌다. 흔히 ‘최초의 세계사’라고 일컫는 『집사』는 그 결합과 연결의 결과물이다.,9791169812207.0,5445,국내도서>역사>아시아사>중앙아시아사
사피엔스 : 그래픽 히스토리 Vol.2 - 문명의 기둥,"유발 하라리 (원작), 다니엘 카사나브 (그림), 김명주 (옮긴이), 다비드 반데르묄렝 (각색)",《사피엔스: 그래픽 히스토리》 2탄 ‘문명의 기둥’ 편이 출간되었다. 이번에는 원작에서도 가장 논쟁적인 부분인 ‘2부 농업혁명’을 다룬다. 과연 농업혁명의 이면과 문명 건설의 토대에는 어떤 비밀이 숨어 있을까?,9788934944188.0,51378,국내도서>인문학>교양 인문학
"다시, 역사의 쓸모 - 합리적이고 품위 있는 선택을 위한 20가지 지혜",최태성 (지은이),"5년 연속 역사 베스트셀러, 국립어린이청소년도서관 ‘청소년추천도서’, 경남·청주·양주 등 전국 지자체 ‘올해의 책’ 등 대한민국에 쓸모 열풍을 불러일으켰던 《역사의 쓸모》가 새로운 이야기로 돌아왔다.",9791193401217.0,1438,국내도서>역사>역사학>역사학 일반
5개 원소로 읽는 결정적 세계사 - 세상 가장 작은 단위로 단숨에 읽는 6000년의 시간,"쑨야페이 (지은이), 이신혜 (옮긴이), 김봉중 (감수)",원소의 눈으로 읽으면 역사가 새롭고 빠르게 읽힌다. 발상의 전환이 돋보이는 《5개 원소로 읽는 결정적 세계사》는 더 이상 쪼갤 수 없는 단위의 집합인 원소에 새겨진 역사의 결정적인 24가지 순간을 기록한다.,9791140710522.0,169,국내도서>역사>세계사 일반
사피엔스 : 그래픽 히스토리 Vol.3 - 역사의 배후,"유발 하라리 (원작), 다니엘 카사나브 (그림), 김명주 (옮긴이), 다비드 반데르묄렝 (각색)","역사를 이해하는 새로운 관점을 소개하는 3탄 ‘역사의 배후’ 편이 출간되었다. 원작의 3부 ‘인류의 통합’을 다루는 이번 신간은 역사에는 방향성이 있는지, 있다면 그 경로로 우리를 이끄는 역사의 원리나 법칙은 무엇인지 살펴본다. 역사를 지배하는 배후세력의 정체는 무엇일까?",9788934935735.0,51378,국내도서>인문학>교양 인문학
총 균 쇠 - 인간 사회의 운명을 바꾼 힘,"재레드 다이아몬드 (지은이), 강주헌 (옮긴이)","학문의 경계를 넘나드는 세계적 석학 재레드 다이아몬드. 인류 문명에 대한 예리한 통찰을 전해온 그의 대표작이자 1998년 퓰리처상 수상작 《총, 균, 쇠》를 새 번역, 새 편집으로 만난다. 출간 25년 기념 뉴에디션에는 2023년 저자 특별서문과 서울대 인류학과 박한선 교수의 해제, 새 서문과 후기를 수록해 풍성한 읽을거리를 더했다.",9788934942467.0,51378,국내도서>인문학>교양 인문학
불편한 한국사 - 진실을 쫓는 역사 독립군 배기성의,배기성 (지은이),"고대사, 고려사, 조선사까지 폭넓은 우리 역사의 실제 기록을 토대로, 대중적으로 많이 알려진 혹은 (그렇지 않더라도) 역사적 의미가 큰 사건과 인물을 엄선해 《불편한 한국사》에서 그 숨은 진실을 추적한다.",9788968334757.0,52593,국내도서>역사>한국사 일반
어떻게 헤어질 결심을,박찬욱 (지은이),"영화 &lt;헤어질 결심&gt;은 박해일과 탕웨이를 비롯한 배우들의 열연은 물론, 인상적인 대사와 꼼꼼한 디테일로 관객들을 사로잡았다. 각본에 이어 스토리보드북과 포토북까지 여러 권의 공식 도서가 출간된 이후, 드디어 가장 사적인 이야기가 공개된다.",9788932475059.0,51063,국내도서>예술/대중문화>사진>사진집
"디자인 구구단 - 디자인이 필요한 순간, '툭' 튀어나오는 디자인 공식",에이핫 (지은이),"총 9개의 이론(비율, 공간, 균형, 색의 속성, 질감, 형과 형태, 움직임, 율동, 서체)을 통해 디자인이 필요한 모든 분이 디자인에 대한 이해를 높이고 감각을 키울 수 있도록 안내한다. 12년간 실무에서 감각을 키우고 3년간 직접 교육을 하면서 누구나 쉽게 감각을 키울 수 있는 방법을 연구해 만든 트레이닝 북이다.",9791140714063.0,2632,국내도서>컴퓨터/모바일>그래픽/멀티미디어>그래픽 일반
"정확한 사랑의 실험 (10주년 기념 특별판, 양장)",신형철 (지은이),"섬세한 해석과 정교한 글쓰기로 신뢰받고 있는 문학평론가 신형철의 『정확한 사랑의 실험』이 출간 10주년을 맞이했다. ‘사랑의 논리’ ‘욕망의 병리’ ‘윤리와 사회’ ‘성장과 의미’라는, 비평가로서의 주요 관심사 아래 총 27편의 영화에 관해 쓴 글 22편을 엮은 책은 10년간 꾸준히 읽히며 사랑받아왔다. 10주년 기념 특별판 표지는 김마리(퍼머넌트 잉크) 디자이너가 함께했다.",9788960908932.0,52906,국내도서>에세이>명사에세이>기타 명사에세이
나 홀로 도쿄 자취방 도감 - 일러스트 + 코믹스,"mame (지은이), 권미량 (옮긴이)","스미다가와 강변에 있는 빈티지 맨션에 사는 마리 상, 쵸후 역과 가깝고 채소밭에 둘러싸인 주택가에서 자취하는 유코 상, 고슈 가도변에 있는 자동차 소리가 시끄러운 다세대 주택에서 사는 나츠 상 등등 현실에서 튀어나온 듯한 11명의 캐릭터들이 자신의 자취방을 소개하고 최애 공간과 소장품들을 보여준다.",9788993784831.0,50987,국내도서>예술/대중문화>미술>미술 실기
예술에 대한 여덟 가지 답변의 역사,김진엽 (지은이),,9791190337342.0,50962,국내도서>예술/대중문화>예술/대중문화의 이해>예술 통사/역사 속의 예술
화가가 사랑한 밤 - 명화에 담긴 101가지 밤 이야기,정우철 (지은이),‘화가가 사랑한 것들’ 시리즈는 한 가지 주제로 101가지 작품을 모아 화가들의 개성과 숨은 이야기를 들여다본다. ‘나무’와 ‘바다’에 이어 세 번째로 선보이는 주제는 ‘밤’이다. ≪화가가 사랑한 밤≫에서는 밤을 주제로 불후의 명작을 남긴 거장 16인의 삶과 101점의 작품을 전한다.,9791198146151.0,50978,국내도서>예술/대중문화>미술>미술 이야기
기술의 서 - 캐릭터 일러스트 창작의 열쇠,"사이토 나오키 (지은이), 박지영 (옮긴이)","캐릭터의 생명이라고 할 수 있는 얼굴을 예쁘게 그리기 법부터 매력적인 포즈를 그릴 수 있는 구도법, 캐릭터 그림을 정복하는 채색법, 오리지널 캐릭터 만드는 법 등, 캐릭터 일러스트를 완성하기까지 도움이 되는 기술 6가지를 다뤘다.",9788979294149.0,2564,국내도서>만화>만화그리기와 읽기>만화작법/일러스트
"데이비드 호크니, 무엇이든 예술이 된다","데이비드 호크니 (지은이), 조은형 (옮긴이)","현대의 가장 영향력 있는 영국 예술가 데이비드 호크니의 사색과 통찰을 담은 공식 저서 《데이비드 호크니, 무엇이든 예술이 된다》가 독자들을 찾아간다. 견고한 양장 제본과 휴대하기 좋은 크기, 호크니 작품의 특징인 다채로운 색감을 표현한 구성으로 언제 어디서든 호크니의 세계에 ‘첨벙’ 빠져들 수 있도록 제작했다.",9791193217511.0,50979,국내도서>예술/대중문화>미술>미술가
에디토리얼 씽킹 - 모든 것이 다 있는 시대의 창조적 사고법,최혜진 (지은이),"흩어져 있는 것들에 질서를 부여하고 잡음 속에서 의미를 찾아내는 직무, 에디터의 사고법을 통찰한 책 『에디토리얼 씽킹』은 편집의 프로세스를 수집, 연상, 범주화, 프레임, 컨셉 등 12가지 키워드로 정렬하여 또렷한 초점으로 보여준다.",9791198340924.0,50958,국내도서>예술/대중문화>예술/대중문화의 이해>미학/예술이론
1784 - THE TESTBED,네이버 1784 TF (지은이),"새로운 도전과 실험을 위한 거대한 플랫폼, 공간과 기술이 결합된 TESTBED. 네이버의 두 번째 사옥 1784에 담긴 이야기들. 네이버가 만들어가는 새로운 공간의 모습과 네이버가 추구하는 가치가 궁금한 분들을 위해 '10가지의 일하는 방식'에 담긴 1784 이야기를 소개한다.",9791198843906.0,1632,국내도서>경제경영>마케팅/세일즈>마케팅/브랜드
ETS 토익 정기시험 기출문제집 1000 Vol. 4 Reading (리딩) - 토익 기출문제 독점출간/ ALL NEW 최신기출 10회 수록/ 문제집+해설집+무료 동영상 강의+기출어휘 단어장(PDF)+APP 모바일 학습,ETS (엮은이),정기시험 최신 기출문제 10세트가 수록되어 있다. 시험에 나온 최신 기출문제로 실전 감각을 키워 시험에 확실하게 대비할 수 있다. 교재 내 QR코드는 해당 회차의 무료 동영상 강의로 연결된다. 오답률 높은 고난도 문항을 친절한 해설 강의와 함께 수록하였다.,9788917239508.0,49854,국내도서>외국어>토익>Reading
ETS 토익 정기시험 기출문제집 1000 Vol. 4 Listening (리스닝) - 토익 기출문제 독점출간/ ALL NEW 최신기출 10회 수록/ 문제집+해설집+무료 정기시험 성우 MP3+무료 동영상 강의+기출어휘 단어장(PDF)+APP 모바일 학습,ETS (엮은이),"정기시험 최신 기출문제 10세트가 수록되어 있다. 시험에 나온 기출문제로 실전 감각을 키워 시험에 확실하게 대비하자! 수록된 10세트의 LC 음원은 모두 정기시험 성우의 음원이다. 시험장에서 듣게 될 음성으로 공부하면 까다로운 영국식, 호주식 발음도 걱정 없다.",9788917239492.0,49855,국내도서>외국어>토익>Listening
김재우의 구동사 100 - 100일간의 구동사 마스터 클래스,김재우 (지은이),국내파이지만 원어민도 놀라는 실력자인 김재우 선생님이 20년 영어 교육 노하우를 바탕으로 혼신의 힘을 다해 만든 책이다. 특히 ‘원어민은 입에 달고 살지만 한국인의 입에서는 나오지 않는’ 구동사를 일목요연하게 정리하면서도 총망라했다.,9791192389998.0,49849,국내도서>외국어>영어회화>생활영어
해커스 토익 기출 VOCA (보카) - 주제별 연상암기로 토익 영단어 30일 완성! RC/LC 필수 토익 보카 [최신 기출 어휘+출제포인트 수록ㅣ단어암기 어플 제공],David Cho (지은이),토익 기초 단어부터 고난도 어휘까지 모든 난이도의 단어를 수록했다. 토익 빈출?주제 30개에 맞춰?단어를 수록하여 주제별로 묶어서 쉽게 암기가 가능하다. 단어 MP3를 바로 들을 수 있는 QR코드를 각 Day 시작 페이지에 삽입하여 편리하게 학습이 가능하다.,9788965422785.0,49857,국내도서>외국어>토익>Vocabulary
빨모쌤의 라이브 영어회화 (특별 부록 한정판) - 맥락과 뉘앙스가 살아나는 진짜 영어 말하기 수업,빨간모자쌤 신용하 (지은이),구독자 150만 명의 ‘인생 영어 선생님’으로 꼽히는 ‘빨모쌤(빨간모자쌤)’의 첫 책 『빨모쌤의 라이브 영어회화』가 드디어 출간되었다. 바람직한 영어 공부 마인드부터 빨모쌤이 엄선한 핵심 영어 표현 75개를 한 권에 총망라했다.,9788901281797.0,49849,국내도서>외국어>영어회화>생활영어
일본어 무작정 따라하기 완전판,후지이 아사리 (지은이),18년 동안 일본어 베스트셀러&스테디셀러로 38만 독자들에게 전폭적인 사랑을 받아온 &lt;일본어 무작정 따라하기&gt;가 &lt;일본어 무작정 따라하기 심화편&gt;과 합쳐져 이번에 완전체의 형태를 선보인다.,9791165219956.0,49885,국내도서>외국어>일본어>일본어 첫걸음
영어로 문장 만들기 훈련 1차 임계점,유은하 (지은이),문장 만들기 훈련이 지속되기 힘든 이유를 파악해 본책의 모든 한국어 문장을 영어 문장 구조로 시각화하여 학습자가 ‘주어 + 서술어 뼈대’를 체득해 머릿속에 떠오른 한국어 문장을 가장 단시간 내에 영어 문장으로 만들 수 있게 한다.,9791171010875.0,49949,국내도서>외국어>영작문
해커스 보카 (Hackers Vocabulary) - 토플ㆍIELTSㆍ텝스ㆍ공무원ㆍSATㆍ특목고ㅣ단어암기 어플 및 시험지 생성 프로그램 무료 제공,David Cho (지은이),"토플 시험의 최신 출제 경향을 철저히 분석하여 빈출 순서에 따라 표제어를 수록하였다. 표제어와 함께 기출동의어, 출제가 예상되는 중요동의어, 혼동되는 단어, 문맥상으로 파악해야 하는 동의어 등 토플 시험의 허를 찌르는 최신출제 포인트까지 담았다.",9788965421030.0,49872,국내도서>외국어>토플>실전
JLPT 일본어능력시험 한권으로 끝내기 N3 - 최신 개정판,"이치우, 기타지마 치즈코 (지은이)","시험에 완벽하게 대응할 수 있도록 실제 시험 문제와 같은 형식인 1교시 언어지식(문자·어휘·문법)·독해, 2교시 청해 순으로 구성되었다. 이번 개정판에서는 2010년부터 2021년까지 실제 시험에서 출제된 어휘와 문법을 연도별로 실었으며, 문제 유형을 철저히 분석.반영하였다.",9788927712435.0,49895,국내도서>외국어>일본어>JLPT>N3
JLPT 일본어능력시험 한권으로 끝내기 N2 - 최신 개정판,"이치우, 기타지마 치즈코 (지은이)","2010년부터 2021년까지 실제 시험에서 출제된 어휘와 문법을 연도별로 실었으며, 문제 유형을 철저히 분석.반영하여 「JLPT(일본어능력시험) N2」의 문자·어휘, 문법, 독해, 청해 각 파트를 종합적으로 마스터할 수 있도록 하였다.",9788927712428.0,49894,국내도서>외국어>일본어>JLPT>N2
문제가 문제야 - 양과 늑대의 이야기,"신순재 (지은이), 조미자 (그림)","세상엔 어떤 문제들이 있을까? 늑대와 양이 소개하는 다양한 문제, 그리고 그 문제를 대하는 이야기에 귀 기울여 보자. 늑대와 양의 문제 이야기를 통해, 우리는 지금 고민하는 문제들에 대한 힌트를 얻을지도 모른다.",9791165735593.0,35134,국내도서>유아>그림책>나라별 그림책>한국 그림책
마음먹은 고양이,"강경호 (지은이), 다나 (그림)","실컷 잠을 자고 이제 막 깨어나 기지개를 펴는 고양이가 있다. 쭈우욱 기지개를 펴고, 뒹굴뒹굴하는 모습이 여느 고양이와 다를 바가 없지만 남다른 고양이다. 바로 ‘마음먹은 고양이’다. 마음먹은 고양이가 맨 먼저 마음먹은 건 무엇일까?",9791191827484.0,35134,국내도서>유아>그림책>나라별 그림책>한국 그림책
"바다, 어디까지 내려가 봤니? - 해수면부터 심해까지 바다 동물과 누비는 여행","자눔베르토 아치넬리 (지은이), 줄리아 차파로니 (그림), 김여진 (옮긴이)","생명이 시작된 바다와 그 안에 살고 있는 기기묘묘한 해양 생물들, 그리고 무너져가는 생태계, 해저 깊이 내려간 잠수정 트리에스테, 바다 밑에 있는 깊은 골짜기 마리아나 해구까지, 이 모든 이야기가 담겨 있다. 지금까지 단편적으로 알고 있었던 바다가 이 책 한 권으로 정리된다.",9791197534379.0,35145,국내도서>유아>유아 교양/학습>유아 자연관찰/과학>지구/우주/환경
꼬르륵 꼬르륵 캠핑,"구도 노리코 (지은이), 윤수정 (옮긴이)","모처럼 쉬는 날이라 멍멍 씨가 캠핑을 왔다. 야옹이들이 팬케이크를 굽는 멍멍 씨를 몰래 엿보고 있다. “캠핑장에서 먹는 아침밥 맛있겠다, 야옹.” 하지만 그냥 구경만 하고 있을 야옹이들이 아니다. 멍멍 씨와 마미가 자리를 비운 사이에 한 입만 한 입만 하면서 팬케이크를 몽땅 먹어치우고 마는데….",9791158364687.0,35139,국내도서>유아>그림책>나라별 그림책>일본
츠츠츠츠,이지은 (지은이),"2020년 출간되어 많은 사랑을 받고 있는 작품, 『이파라파냐무냐무』의 다음을 잇는 이야기로, 이야기의 주 무대는 털숭숭이가 사는 섬이다. 털숭숭이의 집은 어디일까? 궁금했던 독자라면, 이번 신작에서 한층 스펙터클한 이야기와 함께 속속들이 확인할 수 있다.",9791169812085.0,35134,국내도서>유아>그림책>나라별 그림책>한국 그림책
달님 송편 - 추석 그림책,"안영은 (지은이), 서영 (그림)","가장 밝고 커다란 보름달이 뜨는 추석 전날 밤, 사람들 몰래 야옹이들만의 축제가 열린다. 야옹이들은 이날을 위해 각자의 자리에서 열심히 꾹꾹이 실력을 갈고닦았다. 커다랗고 커다란 달님 반죽으로 송편을 만들려고 말이다.",9791164634798.0,35134,국내도서>유아>그림책>나라별 그림책>한국 그림책
"도둑 고양이 캡틴, 바다로!","마츠 노부히사 (지은이), 가노 가린 (그림), 봉봉 (옮긴이)",캡틴은 마을 시장을 지키는 도둑고양이다. 어느 날 갈매기 도적단이 찾아와 캡틴에게 소식을 전해 준다. “가다랑어는 혀에서 살살 녹을 정도로 맛있대요.” 가다랑어 맛이 궁금했던 캡틴은 갯버들 도적단을 불러 모으는데….,9791165183141.0,35139,국내도서>유아>그림책>나라별 그림책>일본
생각을 모으는 사람,"모니카 페트 (지은이), 안토니 보라틴스키 (그림), 김경연 (옮긴이)","<행복한 청소부>. 많은 사람들에게 책과 예술의 기쁨을 안겨주었던 바로 그 책 <행복한 청소부>의 두 저자, 모니카 페트와 안토니 보라틴스키의 작품. 아주 독특한 상상력이 돋보이는 책이다.",9788974749248.0,35137,국내도서>유아>그림책>나라별 그림책>유럽
감정 호텔 - 내 마음이 머무는 곳,"리디아 브란코비치 (지은이), 장미란 (옮긴이)",끊임없이 밀려왔다 밀려가는 감정을 내 마음이라는 ‘호텔’을 찾아오는 손님에 빗대어 이야기를 풀어 간다. 작가 리디아 브란코비치는 자기 안에서 휘몰아치는 감정을 깊숙이 들여다보면서 떠오르는 생각을 차곡차곡 쌓아 이야기를 만들었다고 한다.,9791158364519.0,35137,국내도서>유아>그림책>나라별 그림책>유럽
소나기,피도크 (지은이),"50,000 독자가 선택한 피도크 작가의 첫 번째 그림책. 소나기가 내린다는 소식에 아이의 발걸음이 분주해진다. 갑작스러운 비에 옷이 젖고, 감기에 걸리기 전에 우산을 찾아야 하기 때문인데….",9791193506721.0,35134,국내도서>유아>그림책>나라별 그림책>한국 그림책
만화로 보는 3분 철학 1 : 서양 고대 철학편,"김재훈, 서정욱 (지은이)","인문학과 철학의 중요성이 강조되는 시대지만 정작 어디부터 공부하면 좋을지 몰라 막막해하는 사람들을 위한 책, 『만화로 보는 3분 철학』이 카시오페아에서 출간되었다.",9791190776752.0,51440,국내도서>인문학>철학 일반>교양 철학
더 좋은 문장을 쓰고 싶은 당신을 위한 필사책,이주윤 (지은이),"《요즘 어른을 위한 최소한의 문해력》, 《요즘 어른을 위한 최소한의 맞춤법》 등 10만 독자가 선택한 작가 이주윤이 그만의 필사 글쓰기 노하우를 담은 《더 좋은 문장을 쓰고 싶은 당신을 위한 필사책》을 출간했다.",9791194033127.0,51538,국내도서>인문학>책읽기/글쓰기>글쓰기
사피엔스 : 그래픽 히스토리 Vol.1 - 인류의 탄생,"유발 하라리 (원작), 다니엘 카사나브 (그림), 김명주 (옮긴이), 다비드 반데르묄렝 (각색)",《사피엔스: 그래픽 히스토리》 시리즈는 교양 논픽션인 원작의 핵심이 기발한 각색과 세련된 그림을 통해 흡인력 강한 스토리텔링으로 재탄생한 그래픽노블의 걸작이다. 그중 첫 권은 원작의 ‘1부 인지혁명’을 다룬다.,9788934991328.0,51378,국내도서>인문학>교양 인문학
불안 세대 - 디지털 세계는 우리 아이들을 어떻게 병들게 하는가,"조너선 하이트 (지은이), 이충호 (옮긴이)","세계적인 사회심리학자 조너선 하이트의 신작 『불안 세대』가 전 세계를 뜨겁게 달구고 있다. 베스트셀러 『바른 마음』으로 ‘영미권에서 가장 논쟁적인 학자’으로 부상한 그는 스마트폰과 소셜 미디어, 인터넷이 청소년 정신 건강 위기를 초래하고 있다는 충격적인 주장을 내놓는다.",9788901285894.0,51378,국내도서>인문학>교양 인문학
하루 한 장 나의 어휘력을 위한 필사 노트 - 할 말은 많지만 쓸 만한 말이 없는 어른들을 위한 숨은 어휘력 찾기,유선경 (지은이),"《어른의 어휘력》, 《감정 어휘》 어휘력 도서 최다 판매 유선경 작가의 첫 필사책. “오늘부터 하루 한 장, 나의 어휘력을 위한 필사를 시작합니다”",9791171711673.0,51378,국내도서>인문학>교양 인문학
일생에 한번은 헌법을 읽어라 - 흔들릴 때마다 삶의 중심을 잡아주는 기준에 관하여,이효원 (지은이),"서울대 법학전문대학원 이효원 교수는 헌법이야말로 인간 삶의 투명한 거울이라고 말하며 살면서 누구나 한번쯤은 헌법을 읽을 것을 강력히 권한다. 대한민국이 어떠한 나라가 되어야 한다고 축약해놓은 규범이자, 다양한 사고방식과 생활양식을 지닌 사람들이 더불어 살아가기 위해 만든 기반인 헌법을 공부함으로써 내가 어떤 사람이 되어야 하는지, 어떻게 살아야 하는지를 성찰할 수 있기 때문이다.",9791139717013.0,51381,국내도서>인문학>인문 에세이
만화로 보는 3분 철학 2 : 서양 중세·근대 철학편,"김재훈, 서정욱 (지은이)",지금까지 이런 철학 만화는 없었다! 철학의 기초 개념을 잡는 가장 쉬운 책이다. 만화로 3분이면 완벽하게 개념 잡는 서양철학사를 담았다.,9791168270015.0,51440,국내도서>인문학>철학 일반>교양 철학
만화로 보는 3분 철학 3 : 서양 현대 철학편,"김재훈, 서정욱 (지은이)",지금까지 이런 철학 만화는 없었다! 철학의 기초 개념을 잡는 가장 쉬운 책이다. 만화로 3분이면 완벽하게 개념 잡는 서양철학사.,9791168270343.0,51440,국내도서>인문학>철학 일반>교양 철학
초역 부처의 말 - 2500년 동안 사랑받은,"코이케 류노스케 (지은이), 박재현 (옮긴이)","2500년 동안 사람들에게 사랑받으며 회자되어 온 부처의 말을 코이케 류노스케 스님이 현대어로 재해석해 책으로 출간했다. 간결하게 축약된 핵심만을 담은 부처의 메시지는, 마음이 약해지고 어려움에 처한 사람들에게 힘과 용기를 불어넣어 준다.",9791193506516.0,51378,국내도서>인문학>교양 인문학
"사피엔스 - 유인원에서 사이보그까지, 인간 역사의 대담하고 위대한 질문","유발 하라리 (지은이), 조현욱 (옮긴이), 이태수 (감수)",2011년 원서 출간 이후 10년을 돌아보고 위기 상황을 맞은 인류에게 건네는 제언이 특별 서문으로 수록되었다. 현재 인류는 그 어느 때보다 어려운 상황을 맞고 있다. 난국을 헤쳐나가기 위해 무엇을 해야 할까? 저자는 더 나은 세상을 위한 키워드로 ‘인간 이해’를 강조한다.,9788934972464.0,51545,국내도서>인문학>인류학/고고학>인류학
고전이 답했다 마땅히 살아야 할 삶에 대하여,고명환 (지은이),"매일 아침 7만 명이 유튜브 강의를 찾아 듣고, 한 달에 20여 차례 전국의 강연장을 찾아가 독자들을 만나는 이 시대 최고의 강연자. 30만 독자가 기다린 베스트셀러 저자 고명환이 지난 10여 년간의 인생 내공이 응축된 책, 『고전이 답했다 마땅히 살아야 할 삶에 대하여』에서 고전(古典)에서 길어 올린 흔들림 없는 삶의 내공을 전한다.",9791193939130.0,70216,국내도서>자기계발>성공>성공학
"진짜 쓰는 실무 엑셀 - 유튜브 대표 엑셀 채널, 오빠두가 알려 주는 엑셀 함수, 보고서 작성, 데이터 분석 노하우!",오빠두(전진권) (지은이),"대기업 직장 생활 10년의 실무 노하우와 엑셀 유튜브 채널을 운영하면서 들은 수많은 직장인의 고민을 해결할 수 있는 다양한 엑셀 비법을 담았다. '진짜 쓰는 실무 엑셀' 한 권이면 빠른 일 처리로 워라밸을 실현하고, 일잘러로 거듭날 수 있다!",9791191600704.0,2602,국내도서>컴퓨터/모바일>오피스(엑셀/파워포인트)>엑셀
세이노의 가르침 (100만 부 한정판),세이노(SayNo) (지은이),"2000년부터 발표된 그의 주옥같은 글들. 독자들이 자발적으로 만든 제본서는 물론, 전자책과 앱까지 나왔던 《세이노의 가르침》이 드디어 전국 서점에서 독자들을 마주한다. 여러 판본을 모으고 저자의 확인을 거쳐 최근 생각을 추가로 수록하였다.",9791168473690.0,70216,국내도서>자기계발>성공>성공학
"침묵을 배우는 시간 - 말이 넘쳐나는 세상 속, 더욱 빛을 발하는 침묵의 품격","코르넬리아 토프 (지은이), 장혜경 (옮긴이)",침묵으로 세상과 거리를 두면 역설적이게도 더 세상에 다가갈 수 있다. 이 책에서 제시하는 51가지의 침묵 도구를 적절하게 사용한다면 당신의 말의 무게는 지금과는 확연히 달라질 것이다.,9791198752444.0,70227,국내도서>자기계발>협상/설득/화술>화술
아주 작은 대화의 기술 - 힘들이지 않고 사람의 마음을 얻는 80가지 인간관계의 기술,"레일 라운즈 (지은이), 정지현 (옮긴이)","인간관계 부자들의 소통 비법을 낱낱이 파헤친다. 호감을 사는 첫인사 요령부터 까다로운 대화에 대처하는 방법, 갈등 해소 전략까지 담겨 있다. 여기에 더해 상대방의 감정을 읽고 공감하는 기술 등 이 책에 소개된 80가지 기술은 당신을 대화의 고수로 만들어줄 것이다.",9791139716795.0,2952,국내도서>자기계발>인간관계>인간관계
"왜 당신은 다른 사람을 위해 살고 있는가 - 아침과 저녁, 나를 위한 철학 30day",고윤(페이서스 코리아) (지은이),"‘언제까지 남의 눈치를 보며 살 것인가?’ 흔들리는 인생의 중심을 잡아주는 최고의 인문서. 54명의 위인을 통해 배우는 ‘60개의 인생 철학’. &lt왜 당신은 다른 사람을 위해 살고 있는가&gt 아침과 저녁, 나를 위한 철학 30day.",9791191369540.0,51440,국내도서>인문학>철학 일반>교양 철학
성취하는 뇌 - 기억력·집중력·공부머리를 끌어올려 최상의 뇌로 이끄는 법,"마르틴 코르테 (지은이), 손희주 (옮긴이)","‘최상의 성과를 내는 뇌’의 비밀을 파헤친 책 《성취하는 뇌》는 독일의 대표적인 신경과학자 마르틴 코르테 박사의 최신작이다. 저자는 책에서 특정 영역에만 적용되거나 일회성에 그치는 단순한 뇌 단련법 대신, 최신 뇌과학과 신경학을 기반으로 연령별·단계별 ‘최적화된’ 두뇌 훈련법을 제시한다.",9788968332791.0,70223,국내도서>자기계발>창의적사고/두뇌계발
지금 사랑한다고 말하세요 - 당신에게 들려주고 싶은 80가지 짧은 이야기,김창옥 (지은이),"“당신의 사랑은 무엇인가요? 우리 삶은 나만의 사랑을 찾아 떠나는 여정입니다.” 수백 만 독자의 마음을 움직인 대한민국 대표강사 김창옥의 인생 해설집. 지난 20여 년간, 약 1만 회에 달하는 강연을 축적해 ‘변화와 전환을 가져올 작은 이야기들’을 한데 모았다.",9791193238363.0,70238,국내도서>자기계발>힐링>마음 다스리기
스토리 설계자 - 고객의 욕망을 꿰뚫는 31가지 카피라이팅 과학,"짐 에드워즈 (지은이), 신솔잎 (옮긴이)","“상품이 이토록 훌륭한데 왜 이렇게 안 팔릴까?” 사업을 하는 사람이 가장 불안해지는 순간은 상품에 대한 확신이 매출로 이어지지 않을 때다. 문제의 근본은 품질도 가격도 아닌 바로 ‘세일즈 카피라이팅!’ 이를 단숨에 해결해줄 책이 나왔다. 『마케팅 설계자』를 쓴 러셀 브런슨과 함께 사업가 수천 명을 도우며 상품, 코칭, 소프트웨어를 판매하여 수천만 달러 매출을 올린 짐 에드워즈의 신간 『스토리 설계자』다.",9791155817629.0,268,국내도서>경제경영>마케팅/세일즈>광고/홍보/PR
"호감의 시작 - 관계, 일, 인생이 풀리는 매력의 법칙",희렌최 (지은이),커뮤니케이션 분야 1위 인터뷰어인 저자는 라디오 및 뉴미디어 PD로 10년 넘게 일해오며 국내 최정상 방송인들을 만나왔다. 처음엔 존재감이 없어도 점점 빛을 발하는 경우부터 오랫동안 변함없이 사랑받는 모습까지 수많은 이들을 마주하면서 사람들에게 어필되는 매력이란 무엇인지 탐구했다.,9791193937143.0,2952,국내도서>자기계발>인간관계>인간관계
개역개정 매일성경 2024.9.10 (큰글본문),매일성경 편집부 (지은이),,9771976285005.0,3125,국내도서>잡지>종교
개역개정 매일성경 2024.9.10 (본문수록),매일성경 편집부 (지은이),,9771976286002.0,3125,국내도서>잡지>종교
EBS FM Radio 입이 트이는 영어 2024.9,"이현석, 제니퍼 클라이드 (지은이)",,9771976770006.0,3219,국내도서>잡지>수험/어학교재>방송교재
"지큐 GQ Korea 2024.9 (표지 : 공유 3종 중 랜덤) - 주요기사 : 공유, 변우석, 트레저",두산매거진 편집부 (지은이),,9771599178005.0,53975,국내도서>잡지>여성/남성/패션>남성지
우먼센스 2024.9,우먼센스 편집부 (지은이),,9771228337001.0,69435,국내도서>잡지>여성/남성/패션>여성지
생명의 삶 2024.9 (개역개정판.새찬송가),생명의삶 편집부 (지은이),,9771975740017.0,3125,국내도서>잡지>종교
청소년 매일성경 2024.9.10,매일성경 편집부 (지은이),,9771228437008.0,3125,국내도서>잡지>종교
"엘르 Elle 2024.9 (표지 : 송혜교 3종 중 랜덤) - 주요기사 : 태민, 태현·휴닝카이, 임상우, 고현정, 수영, 정소민·정해인, 전종서, 김민하, 이종원, 재재·가비·승헌쓰",허스트중앙 편집부 (지은이),,9771228079000.0,69436,국내도서>잡지>여성/남성/패션>패션지
EBS FM Radio Easy English 초급 영어 회화 2024.9,"이보영, 남주철 (지은이)",,9771228594008.0,3219,국내도서>잡지>수험/어학교재>방송교재
큐티인 2024.9.10 (작은글씨),큐티인 편집부 (지은이),,9772586340009.0,3125,국내도서>잡지>종교
당신이 누군가를 죽였다,"히가시노 게이고 (지은이), 최고은 (옮긴이)",일본 최고의 베스트셀러 작가 히가시노 게이고의 장편소설『당신이 누군가를 죽였다』가 출간되었다. 작품은 장르문학계의 거장인 작가가 101번째 작품을 맞아 추리소설의 원점으로 돌아가 ‘황금시대 미스터리’의 매력을 유감없이 발휘한 걸작으로 평단과 독자의 호평을 받고 있다.,9791170611561.0,51058,국내도서>소설/시/희곡>추리/미스터리소설>일본 추리/미스터리소설
백설공주에게 죽음을 (특별판),"넬레 노이하우스 (지은이), 김진아 (옮긴이)",전 세계에 독일 미스터리를 각인시킨 작가 넬레 노이하우스의 대표작이자 유럽 최고 인기 시리즈인 '타우누스 시리즈'의 네 번째 작품이다. 이 책은 2010년 출간 사흘 만에 베스트셀러 순위에 올라 무려 32주 동안 1위를 지키는 기염을 토했다.,9791158792152.0,51067,국내도서>소설/시/희곡>추리/미스터리소설>기타국가 추리/미스터리소설
가연물,"요네자와 호노부 (지은이), 김선영 (옮긴이)","요네자와 호노부의 최신작 《가연물》이 드디어 국내에 소개된다. 2023년 7월에 발간된 《가연물》은 주요 미스터리 랭킹에서 《야경》, 《왕과 서커스》, 《흑뢰성》에 이어 작가 통산 네 번째 3관왕을 달성했다.",9791192738406.0,51058,국내도서>소설/시/희곡>추리/미스터리소설>일본 추리/미스터리소설
데뷔 못 하면 죽는 병 걸림 3부 초판 한정 굿즈박스 세트 - 전4권,백덕수 (지은이),"4년차 공시생, 낯선 몸에 빙의해 3년 전으로 돌아왔다. 그리고 그의 눈앞에 나타난 갑작스러운 상태창의 협박. 돌연사 위협 때문에 팔자에도 없던 아이돌에 도전하게 된 주인공의 대환장 일지.",9791141512705.0,51122,국내도서>소설/시/희곡>판타지/환상문학>한국판타지/환상소설
아이가 없는 집,"알렉스 안도릴 (지은이), 유혜인 (옮긴이)","유서 깊은 목재 재벌로 만하임 그룹을 운영하는 페르 귄터가 탐정 율리아를 찾아가면서 시작한다. 자신의 휴대폰에서 발견한 시체 사진 한 장 때문에 하룻밤 사이 살인 용의자가 되었다는 페르 귄터. 하지만 정작 그는 사진이 찍힌 시간에 술에 취해 잠들어 기억이 없다고 한다. 게다가 사진 속 남자가 누구인지, 장소가 어디인지조차 알아내기 어렵다.",9791193262184.0,51067,국내도서>소설/시/희곡>추리/미스터리소설>기타국가 추리/미스터리소설
혼불 2,톨쥬 (지은이),"정주, 메산이와 쭉 함께 살기로 마음먹은 재겸, 거처를 옮겨야겠다 생각하자마자 그 생각을 귀신같이 알아챈 윤태희는 다시 한번 '나만의' 나자가 되어 달라 요구한다. ""나는 나례청을 부수고, 나례청장의 목을 딸 거야. 네가 내 복수를 도와준다면, 나도 네 복수를 도와줄게.” 제 복수를 도와주면 재겸의 '진짜 원수'를 죽여 주겠다는 윤태희의 제안에 재겸은 나자가 되기로 결심한다.",9791172167585.0,181723,국내도서>소설/시/희곡>로맨스소설>국내 BL
혼불 3,톨쥬 (지은이),"'혹시, 윤태희는 남색가인 걸까….' ""아무리 생각해 봐도, 왜 나한테 키, 키쓰한 건지 이유를 모르겠어."" 전에 없던 고민으로 심란해진 재겸이 더 생각할 겨를도 없이, 귀신 부리는 집단 '벽사단'의 벽보가 나례청 후문에 붙어 축역부 전체가 긴급 소집된다. “그런데… 이 땅에 돌아온다는 게 누구를 얘기하는 거죠?” 벽보의 비밀이 풀리자, 나례청장의 관심이 한곳으로 쏠리게 되는데…….",9791172167592.0,181723,국내도서>소설/시/희곡>로맨스소설>국내 BL
옆집 천사님 때문에 어느샌가 인간적으로 타락한 사연 9 (특별한정판) - Novel Engine,"사에키상 (지은이), 하네코토 (그림), JYH (옮긴이)","생일을 맞이한 아마네는 마히루 덕분에 수많은 변화가 나타났음을 실감하고, 낯간지러운 행복을 곱씹었다. 그리하여 마히루가 태어난 날에도 축복을 선물하고자 결심하고, 바쁘게 준비하는 나날을 보내는 아마네. 그러던 어느 날, 진로를 고민하는 시기에 접어든 두 사람은 함께 사는 미래를 머릿속에 그리며, 수험 공부를 극복하기로 약속했다.",9791138051163.0,54719,국내도서>소설/시/희곡>라이트 노벨>노블엔진(Novel Engine)
홀리,"스티븐 킹 (지은이), 이은선 (옮긴이)",반세기 동안 거의 매년 새로운 작품을 발표하며 독자들에게 기쁨을 안겨 준 거장 스티븐 킹이 『홀리』로 야심 차게 돌아왔다. 빌 호지스 3부작에서 조역으로 등장해 장편 『아웃사이더』와 중편 「피가 흐르는 곳에」에서 탐정으로서 활약을 펼친 홀리 기브니가 연쇄 실종 사건에 뛰어든다.,9791170524397.0,107413,국내도서>소설/시/희곡>호러.공포소설>외국 호러.공포소설
홍학의 자리,정해연 (지은이),10년 가까이 스릴러 장르에 매진하며 장편 단편 할 것 없이 독자들의 눈길을 사로잡는 작품을 발표한 정해연 작가의 신작. 프롤로그를 시작으로 총 21개의 챕터로 구성된 이 작품은 매 챕터마다 놀라운 전개와 탁월한 스토리텔링을 보여준다.,9788954681155.0,51065,국내도서>소설/시/희곡>추리/미스터리소설>한국 추리/미스터리소설
만화로 보는 3분 철학 1~3 세트 +사은품증정 - 서양 고대 철학편 + 서양 중세·근대 철학편 + 서양 현대 철학편 ,"서정욱, 김재훈 (지은이)",,,158704,국내도서>전집/중고전집>단행본 전집>청소년/일반
푸른 사자 와니니 1~7권 세트/아동도서+노트3권 증정 - 신간 인간의 길에서 포함,이현 (지은이),,,28462,국내도서>전집/중고전집>창작동화
설민석의 삼국지 대모험 1~18권 세트/아동도서5권+노트3권 증정 - 신간 적벽 대전 1 포함,단꿈아이 (지은이),,,28462,국내도서>전집/중고전집>창작동화
2024년-NEW 만화 전략 삼국지 세트 (전60권)AK커뮤니케이션즈-개정정품-새책,에이케이 커뮤니케이션즈 (지은이),,,29045,국내도서>전집/중고전집>4-7세>인물/역사/사회
슈뻘맨의 숨은 과학 찾기 1~4권 세트/아동도서 증정,슈뻘맨 (지은이),,9791168417786.0,28462,국내도서>전집/중고전집>창작동화
변호사 어벤저스 1 2 세트 전2권 [가나출판사],고희정 (지은이),,,29058,국내도서>전집/중고전집>초등(1-3)저학년>인물/역사/사회
예비 매3문 매일 지문 3개씩 푸는 기출 문학+비문학 독서 전2권 세트/노트3권 증정,안인숙 (지은이),,,28462,국내도서>전집/중고전집>창작동화
사랑해 시리즈 6권 세트/유아도서1권+가제손수건 증정 - 사랑해 사랑해 사랑해/사랑해 모두 모두 사랑해/넌 사랑받기 위해 태어났단다/사랑해 자장자장 사랑해/머리부터 발끝까지 사랑해/언제나 언제나 사랑해,캐롤라인 제인 처치 (지은이),,,28462,국내도서>전집/중고전집>창작동화
과학+사회도 독해가 먼저다 초등 4학년 전2권 세트/노트3권 증정,키 초등학습방법연구소 (지은이),,,28462,국내도서>전집/중고전집>창작동화
"오싹오싹 시리즈 전2권 (오싹오싹 당근, 오싹오싹 팬티) 랜덤사은품증정",에런 레이놀즈 (지은이),,,29048,국내도서>전집/중고전집>4-7세>창작동화
초역 부처의 말 - 2500년 동안 사랑받은,"코이케 류노스케 (지은이), 박재현 (옮긴이)","2500년 동안 사람들에게 사랑받으며 회자되어 온 부처의 말을 코이케 류노스케 스님이 현대어로 재해석해 책으로 출간했다. 간결하게 축약된 핵심만을 담은 부처의 메시지는, 마음이 약해지고 어려움에 처한 사람들에게 힘과 용기를 불어넣어 준다.",9791193506516.0,51378,국내도서>인문학>교양 인문학
"성경 2.0 신약 3 : 사도행전, 옥중서신, 목회서신 - 성경통독의 새로운 기준","김종우 (지은이), 배광선 (그림), 오광만 (감수)","성경의 의미를 훼손하지 않는 범위 안에서 최대한 쉽게 성경의 모든 것을 담기 위해 기획된 책이다. 그에 따라, 신약 편은 헬라어 성경을 기반으로 그 의미를 훼손하지 않고 최대한 쉽게 풀었다.",9788997923335.0,51573,국내도서>종교/역학>기독교(개신교)>기독교 일반
나와 너 - 개정판,"마르틴 부버 (지은이), 김천배 (옮긴이)","세계적인 교양서이자 우리 시대의 살아 있는 고전. 인간 본질에 대한 통찰로 신학뿐만 아니라 문화 전반에 걸쳐 많은 영향을 끼친 마르틴 부버의 대표작이다. 부버는 이 책에서 세상에는 '나와 너'(Ich-Du)의 관계와 '나와 그것'(Ich-Es)의 관계가 존재하는데, 참다운 삶을 살기 위해서는 '나와 너'의 관계를 맺어야 한다고 주장한다.",9788951119927.0,51601,국내도서>종교/역학>기독교(개신교)>기독교(개신교) 신앙생활>신앙생활일반
영어로 그림전도 - Picture Gospel in 40 Days,정철 (지은이),50년 영어 전문가 정철 선생님이 직접 연구·개발하여 특허를 받은 학습법 '삽화기억술'이 적용되어 있다. 삽화기억술은 그림의 위치를 통해 영어 문장과 스토리를 기억하여 암송할 수 있는 효과적인 영어 학습법이다.,9788968830211.0,51580,국내도서>종교/역학>기독교(개신교)>기독교(개신교) 선교/전도
정신과 의사의 명리육아 - 내 아이의 기질과 잠재력이 궁금할 때,양창순 (지은이),"아이의 모든 행동의 바탕이 되는 기질을 먼저 이해해야 한다는 것이다. 저자는 이 책에서 명리학으로 아이가 타고난 기질을 파악하고, 정신의학으로 아이의 현재 상태를 알아본다면 더욱 입체적으로 아이를 이해해 볼 수 있을 것이라고 조언한다.",9791130655994.0,51786,국내도서>좋은부모>육아>육아법/육아 일반
히브리어의 시간,송민원 (지은이),"히브리어를 통해 성경의 깊은 맛을 음미하는 시간이면서, 동시에 히브리어가 쓰이던 성경의 시간을 뜻한다. 하나님이 히브리어로 말씀하시는 이유는 간단하다. 이 언어로 말씀하셔야 성경 시대에 살던 사람들이 가장 잘 이해할 수 있었기 때문이다.",9791170830825.0,51592,국내도서>종교/역학>기독교(개신교)>기독교(개신교) 목회/신학>신학일반
하나님의 DNA,최상훈 (지은이),하나님을 닮은 하나님의 자녀의 정체성을 되찾을 뿐만 아니라 그에 따른 놀라운 능력과 권세 또한 회복시켜주기 원하시는 하나님 아버지의 마음이 담겼다.,9791165045432.0,51592,국내도서>종교/역학>기독교(개신교)>기독교(개신교) 목회/신학>신학일반
석가모니 인생수업 - 석가모니가 세상에 남긴 삶의 지혜,"석가모니 (지은이), 김지민 (엮은이)","독자들에게 석가모니의 가르침을 쉽게 접근하고 이해할 수 있는 방법을 제공하며, 석가모니의 가르침을 바탕으로 한 다양한 주제들을 현대적으로 다룬 책이다.",9791193282113.0,51639,국내도서>종교/역학>불교>불교명상/수행
오늘날의 애니미즘,"오쿠노 카츠미, 시미즈 다카시 (지은이), 차은정, 김수경 (옮긴이)",인류는 우리 스스로 세계의 진로를 막아버린 과정을 냉철히 돌아보고 이제 막았던 통로를 열어야만 한다. 인류의 꽉 막힌 진로를 열기 위한 열쇠가 애니미즘에 있다. 폭넓은 경험과 시야를 가진 인류학자와 경이로울 만큼 명석하고 논리적인 불교학자가 서로의 이야기를 감싸며 애니미즘 존재론의 지평으로 가는 길을 안내한다.,9791188501397.0,51545,국내도서>인문학>인류학/고고학>인류학
하나님의 열심 - 믿음은 어디서 오는가,박영선 (지은이),"박영선 목사의 대표작으로 잘 알려진 설교집의 개정판이다. 젊은 시절, 저자는 ‘믿음’이라는 주제를 놓고 집요한 질문과 고민으로 끈질기게 매달렸고 성경을 파헤치는 거침없는 추적 끝에 ‘믿음은 하나님의 열심이 빚어낸 결과’라는 답을 얻게 된다.",9791187506072.0,51593,국내도서>종교/역학>기독교(개신교)>기독교(개신교) 목회/신학>설교/성경연구
국어 잘하는 아이가 이깁니다 - ‘갓민애’ 교수의 초등 국어 달인 만들기,나민애 (지은이),"부모들의 국어 공부 고민을 친절하고 명쾌하게 해결해준다. 입시를 이기는 독서 전략, 서울대학교 학생들의 국어 공부 방법, 학령별 가이드까지 한 권에 꾹꾹 눌러담았다. 우리 아이를 더 즐겁고 쉽게 국어 달인으로 만들어보자.",9788934965404.0,51793,국내도서>좋은부모>교육/학습>독서/작문 교육
부모의 어휘력 - 정확히 말할수록 아이의 세상이 커지는 필수 어휘 126,김종원 (지은이),"대한민국 50만 학부모가 선택한 인문 교육 전문가 김종원 작가가 고르고 고른, 부모라면 꼭 알아야 할 필수 어휘 126가지를 한 권으로 정리한 어휘 공부 책이다.",9791168271999.0,3390,국내도서>좋은부모>교육/학습>언어/외국어 교육
이은경쌤의 중등어휘일력 365 (스프링) - 10대가 반드시 알아야 할 국어 문학·비문학 필수 어휘,"이은경 (지은이), 배혜림 (감수)","『이은경쌤의 초등어휘일력 365』『이은경쌤의 사자성어 속담 일력 365』 등으로 학습 일력 붐을 일으킨 이은경쌤이 이번에는 10대를 위한 『중등어휘일력 365』를 긴 시간 공들여 준비했다. 유튜브 ‘슬기로운초등생활’ 30만 학부모의 멘토이자 실제 중등, 고등 자녀를 두고 있어 그런 문제를 누구보다 잘 아는 저자가 교과서 속 현대·고전 문학, 비문학 작품 속 주요 어휘들을 모아 일력에 담았다.",9791193506660.0,51793,국내도서>좋은부모>교육/학습>독서/작문 교육
스스로 해내는 아이의 비밀 - 스탠퍼드대 박사 엄마의 뇌과학 컨설팅,김보경 (지은이),,9791198710444.0,51794,국내도서>좋은부모>교육/학습>학교/학습법
대치동 아이들은 이렇게 공부합니다 - 4세부터 SKY로 직행하는 초등 공부 최강의 전략,글로리아쌤 (지은이),저자가 20년 이상 대치동에서 입시생 수십만 명을 가르치며 깨달은 ‘초등 시기부터 꼭 필요한 것만 제대로 해내며 명문대로 향하는 전략’을 담았다. 요즘 선호하는 의대 및 SKY 진학을 위해 초등 입학 전후부터 반드시 준비해야 할 것과 필요 없는 것을 솔직하게 조언한다.,9788901287195.0,51794,국내도서>좋은부모>교육/학습>학교/학습법
나는 다정한 관찰자가 되기로 했다,이은경 (지은이),"‘교육전문가는 아이를 어떻게 키울까?’ 일명 이은경쌤은 누적조회수 3,000만 뷰를 기록한 교육전문가면서 수많은 자녀교육서와 학습서를 출간한 베스트셀러 작가이다. 이 책은 저자가 또래 엄마들과 온, 오프에서 만나 고민을 나누면서 관심이 높았던 주제를 모아 에세이 형식으로 쓴 책이다.",9791198752406.0,51790,국내도서>좋은부모>육아/교육 에세이
그렇게 부모가 된다 - 17년 교직을 포기하고 좋은 아빠가 되고 싶었던 EBS강사의 이야기,정승익 (지은이),"17년 교직을 포기하고 좋은 아빠가 되고 싶었던 EBS강사의 솔직한 이야기. 교사, 강사, 아빠의 역할을 모두 잘 하기 위해 10년 넘게 애썼지만, 어느 일요일 늦은 저녁 잠을 자지 않는 아이들에게 자신도 모르게 불같이 화를 쏟아낸 뒤, 자신이 모든 역할을 잘 할 수 없음을 깨닫게 된다. 그리고 퇴직 후 아이들과 하루하루 부대끼며 ‘좋은 아빠’가 되기 위해 부단히 노력하고 있다.",9791198774828.0,51794,국내도서>좋은부모>교육/학습>학교/학습법
정신과 의사의 명리육아 - 내 아이의 기질과 잠재력이 궁금할 때,양창순 (지은이),"아이의 모든 행동의 바탕이 되는 기질을 먼저 이해해야 한다는 것이다. 저자는 이 책에서 명리학으로 아이가 타고난 기질을 파악하고, 정신의학으로 아이의 현재 상태를 알아본다면 더욱 입체적으로 아이를 이해해 볼 수 있을 것이라고 조언한다.",9791130655994.0,51786,국내도서>좋은부모>육아>육아법/육아 일반
삐뽀삐뽀 119 소아과 (개정13판) - 2005년 대한의사협회 선정추천도서,하정훈 (지은이),1997년 초판 출간 이래 아기 엄마들의 든든한 육아 동반자로서 함께해 온 소아과가 새로운 옷으로 갈아입었다. 내용상으로는 아기 키우기 전에 반드시 먼저 짚고 넘어가야 할 월령별 체크리스트와 아이들 수면에 관련된 부분을 새롭게 보강하며 최신 육아 트렌드를 반영했다.,9791195795505.0,51785,국내도서>좋은부모>육아>육아백과
이은경쌤의 초등어휘일력 365 (스프링) - 국어 문학 속 어휘 완전정복!,이은경 (지은이),"유튜브 누적 조회수 1,300만 뷰, 네이버카페 유튜브 ‘슬기로운초등생활’ 15만 부모의 멘토이자 자녀교육 베스트셀러 저자인 이은경쌤이 초등어휘일력을 출간했다. 탁상달력 형태인 이 책은 1월 1일부터 12월 31일까지 어린이가 좋아하는 문학 속 다양하고 흥미로운 어휘를 제공한다.",9791192625300.0,51793,국내도서>좋은부모>교육/학습>독서/작문 교육
오투 중등 과학 2-2 (2024년) - 2015 개정 교육과정,비상교육 편집부 (지은이),"2015 개정 교육과정의 5종 교과서를 완벽히 분석하여 구성한  ‘개념+탐구+문제’의 시스템 으로 내신을 철저히 대비할 수 있다. 새 교육과정의 기출 경향을 반영한 다양한 문제 유형 으로 상위권, 하위권 학생들을 모두 만족시킬 수 있는 맞춤형 교재이다.",9791169405362.0,76830,국내도서>중학교참고서>중2-문제집>과학(중등2)
오투 중등 과학 3-2 (2024년) - 2015 개정 교육과정,비상교육 편집부 (지은이),"2015 개정 교육과정의 4종 교과서를 완벽히 분석하여 구성한  ‘개념+탐구+문제’의 시스템으로 내신을 철저히 대비할 수 있다. 체계적인 내용 정리와 다양한 문제 유형으로 상위권, 하위권 학생들을 모두 만족시킬 수 있는 맞춤형 교재이다.",9791169405379.0,76820,국내도서>중학교참고서>중3-문제집>과학(중등3)
신사고 쎈 중등 수학 2-2 (2024년) - 2015 개정 교육과정,"홍범준, 신사고수학콘텐츠연구회 (지은이)","전국 중학교의 학교 시험 기출 문제를 수집하고 분석하여 유형별로 총정리했다. 모든 문제를 3단계로 나누어 수준별로 구성하고, 유형 뽀개기에서는 이를 다시 하, 중, 상의 난이도로 세분하여 체계적으로 수학 실력을 키울 수 있도록 만들었다.",9788928334834.0,76834,국내도서>중학교참고서>중2-문제집>수학(중등2)
오투 중등 과학 1-2 (2024년) - 2015 개정 교육과정,비상교육 편집부 (지은이),"2015 개정 교육과정의 5종 교과서를 완벽히 분석하여 구성한 ‘개념+탐구+문제’의 시스템 으로 내신을 철저히 대비할 수 있다. 새 교육과정의 기출 경향을 반영한 다양한 문제 유형 으로 상위권, 하위권 학생들을 모두 만족시킬 수 있는 맞춤형 교재이다.",9791169405355.0,76842,국내도서>중학교참고서>중1-문제집>과학(중등1)
체크체크 중학 국어 교과서편 천재 박영목 2-2 (2024년용) - 교과서 해설 + 시험 대비 교재,"최희진, 강미, 박예진, 최연우 (지은이)",교과서의 핵심 내용을 짚어 주는 교재로 2015 개정 교육 과정에 따른 교과서의 내용을 알차게 담았다. 교과서 전 지문의 핵심 내용을 꼼꼼하게 짚어 주고 꼭 알아야 할 개념 정리와 문제로 시험 적중률을 높였다.,9791125969860.0,76831,국내도서>중학교참고서>중2-문제집>국어(중등2)
체크체크 중학 국어 교과서편 천재 박영목 1-2 (2024년용) - 교과서 해설 + 시험 대비 교재,"신장우, 박예진, 최희진, 정현성 (지은이)",교과서의 핵심 내용을 짚어 주는 교재로 2015 개정 교육 과정에 따른 교과서의 내용을 알차게 담았다. 교과서 전 지문의 핵심 내용을 꼼꼼하게 짚어 주고 꼭 알아야 할 개념 정리와 문제로 시험 적중률을 높였다.,9791125969853.0,76839,국내도서>중학교참고서>중1-문제집>국어(중등1)
신사고 쎈 중등 수학 3-2 (2024년) - 2015 개정 교육과정,"홍범준, 신사고수학콘텐츠연구회 (지은이)","전국 중학교의 학교 시험 기출 문제를 수집하고 분석하여 유형별로 총정리했기 때문에 쎈 수학 한 권만으로도 중학교 수학 학습을 완벽하게 완성할 수 있다. 모든 문제를 A, B, C 3단계 난이도로 구성하여 체계적으로 수학 실력을 키울 수 있도록 만들었다.",9788928334841.0,76824,국내도서>중학교참고서>중3-문제집>수학(중등3)
체크체크 중학 국어 교과서편 천재 박영목 3-2 (2024년용) - 교과서 해설 + 시험 대비 교재,박예진 (지은이),교과서의 핵심 내용을 짚어 주는 교재로 2015 개정 교육 과정에 따른 교과서의 내용을 알차게 담았다. 교과서 전 지문의 핵심 내용을 꼼꼼하게 짚어 주고 꼭 알아야 할 개념 정리와 문제로 시험 적중률을 높였다.,9791125969877.0,76821,국내도서>중학교참고서>중3-문제집>국어(중등3)
일품 중등 수학 1 (하) 561제 (2024년용) - 2015 개정 교육과정,"홍범준, 신사고수학콘텐츠연구회 (지은이)","내신 만점을 달성할 수 있도록 ""개념&핵심 기출"", ""만점 도전을 위한 고난도 문제"", ""최상위로 가는 최고 수준 문제""의 3단계 학습 체제로 구성한 최고 수준의 문제 해결서다. 각 단계는 내신 출제 가능성이 높은 수준 높은 문제들로 구성되어 중위권 이상의 학생들이 보기에 적합하다.",9788928331093.0,76841,국내도서>중학교참고서>중1-문제집>수학(중등1)
체크체크 중학 국어 교과서편 천재 노미숙 2-2 (2024년용) - 교과서 해설 + 시험 대비 교재,김희진 (지은이),"교과서의 핵심 내용을 꼼꼼하게 짚어 주는 교재로 교과서 전 지문의 핵심 내용을 꼼꼼하게 짚어 주고, 꼭 알아야 할 개념 정리와 문제로 시험 적중률을 높였다. 교과서 전 지문을 빠르고 정확하게 학습하고 소단원 본문과 학습 활동 완전 정복한다.",9791125969891.0,76831,국내도서>중학교참고서>중2-문제집>국어(중등2)
언젠가 우리가 같은 별을 바라본다면,"차인표 (지은이), 제딧 (그림)","고국을 떠나 70년 만에 필리핀의 한 작은 섬에서 발견된 쑤니 할머니의 젊은 시절을 담은 이야기이다. 작가는 우리나라가 일본에 주권을 빼앗긴 채 가난하고 핍박받던 시절을 맨몸으로 버텨 낸 우리 어머니의 어머니, 아버지의 아버지들의 이야기를 남기고자 집필을 시작했다.",9791191061048.0,50759,국내도서>청소년>청소년 문학>청소년 소설
만화로 보는 3분 철학 1 : 서양 고대 철학편,"김재훈, 서정욱 (지은이)","인문학과 철학의 중요성이 강조되는 시대지만 정작 어디부터 공부하면 좋을지 몰라 막막해하는 사람들을 위한 책, 『만화로 보는 3분 철학』이 카시오페아에서 출간되었다.",9791190776752.0,51440,국내도서>인문학>철학 일반>교양 철학
너에게 들려주는 단단한 말,김종원 (지은이),"청소년을 위한 인생철학 에세이다. ‘나’라는 존재와 친구와의 관계, 공부와 성적, 꿈과 진로 등에 관한 고민이 커지는 청소년기는 인생이란 여정에서 어둡고 막막한 터널을 처음으로 마주하는 시기다. 어떤 생각을 키우고, 어떤 마음을 갖느냐에 따라 앞으로 펼쳐질 삶의 모양이 달라질 수도 있기에 저자는 단어 하나, 문장 하나에도 온 마음을 담았다.",9791198682550.0,1142,국내도서>청소년>청소년 인문/사회
만화로 보는 3분 철학 2 : 서양 중세·근대 철학편,"김재훈, 서정욱 (지은이)",지금까지 이런 철학 만화는 없었다! 철학의 기초 개념을 잡는 가장 쉬운 책이다. 만화로 3분이면 완벽하게 개념 잡는 서양철학사를 담았다.,9791168270015.0,51440,국내도서>인문학>철학 일반>교양 철학
죽이고 싶은 아이 2,이꽃님 (지은이),"한국 청소년 문학의 역사를 새로 쓴 이꽃님의 『죽이고 싶은 아이』, 그 두 번째 이야기가 지금 우리에게 도착했다. 압도적인 몰입감과 휘몰아치는 전개로 수십만 독자를 단숨에 사로잡은 『죽이고 싶은 아이』의 명성을 고스란히 잇는, 기대 그 이상의 완벽한 속편의 모습으로.",9791167552723.0,50759,국내도서>청소년>청소년 문학>청소년 소설
만화로 보는 3분 철학 3 : 서양 현대 철학편,"김재훈, 서정욱 (지은이)",지금까지 이런 철학 만화는 없었다! 철학의 기초 개념을 잡는 가장 쉬운 책이다. 만화로 3분이면 완벽하게 개념 잡는 서양철학사.,9791168270343.0,51440,국내도서>인문학>철학 일반>교양 철학
죽이고 싶은 아이 - 2021 아르코 문학나눔 선정,이꽃님 (지은이),"&lt;세계를 건너 너에게 갈게&gt; 이꽃님 작가가 결말을 예측할 수 없는, 놀랍도록 흡인력 있는 작품으로 돌아왔다. &lt;죽이고 싶은 아이&gt;는 한 여고생의 죽음이라는, 결코 평범하지 않은 이야기를 통해 독자들에게 진실과 믿음에 관한 이야기를 건넨다.",9791190337755.0,50759,국내도서>청소년>청소년 문학>청소년 소설
예술에 대한 여덟 가지 답변의 역사,김진엽 (지은이),,9791190337342.0,50962,국내도서>예술/대중문화>예술/대중문화의 이해>예술 통사/역사 속의 예술
눈과 보이지 않는 - 2024 뉴베리 대상 수상작,"데이브 에거스 (지은이), 숀 해리스 (그림), 송섬별 (옮긴이)",2024 뉴베리 대상 수상작. 도시의 공원에 사는 개 요하네스가 공원 안 우리에 갇혀 살아가는 들소들을 탈출시키는 과정을 그린 모험담이다. 불가능해 보이는 들소 탈출 작전을 펼치면서 요하네스는 자신의 내면을 깊이 들여다보고 스스로에게 질문을 던지는 시간을 갖게 된다.,9791171712359.0,48877,국내도서>어린이>동화/명작/고전>외국창작동화
코스모스 - 보급판,"칼 세이건 (지은이), 홍승수 (옮긴이)","칼 세이건의 <코스모스> 특별판이 세이건의 서거 10주기를 기념하여 출간되었다. 이 특별판은 지난 2004년 12월에 출간된 <코스모스>(양장본)의 텍스트 전문과 도판 일부를 사용하고 판형을 휴대하기 쉬운 신국판으로 바꿔 출간한 책으로, 독자들이 좀 더 쉽게 칼 세이건의 메시지를 만날 수 있도록 배려한 책이다.",9788983711892.0,51310,국내도서>과학>천문학>우주과학
오투 초등 과학 6-2 (2024년용) - 2015 개정 교육과정,강선아 (지은이),"실제 실험하고 관찰하는 것처럼 생생하게 보는 과학 학습서다. 새 교과서인 9종 검정 과학교과서의 중요 내용을 빠짐없이 실었고, 혼자서도 내용을 확실하게 이해할 수 있도록 친절하게 설명하였다. 개념 학습과 문제 학습을 각각 단계적으로 공부할 수 있도록 단계를 구성하였다.",9791166098581.0,52183,국내도서>초등학교참고서>6학년>과학(초등6)
신사고 쎈 초등 수학 6-2 (2024년),"홍범준, 신사고수학콘텐츠연구회 (지은이)","교과서와 익힘책은 물론 학교 시험에 출제된 문제까지 초등 과정의 모든 수학 문제를 담았다. 문제의 난이도를 A, B, C 3단계로 나누어 수준별로 구성하고 다시 B단계를 상, 중, 하의 난이도로 세분하여 체계적으로 수학 실력을 키울 수 있다.",9788928348473.0,52181,국내도서>초등학교참고서>6학년>수학(초등6)
디딤돌 초등 수학 기본 + 응용 3-2 (2024년),디딤돌 초등 편집부 (엮은이),"수학을 제대로 공부할 수 있도록 수학적 관점에서 개념을 정리하였다. 새로운 문제 유형들도 반영하였을 뿐만 아니라 개념을 수학적 관점에서 이해할 수 있는 문제, 수학적 사고력을 기를 수 있는 문제들을 담았다. 또한 서술형 문제를 학습할 수 있는 &lt;실력 보강 자료집&gt;을 별도 구성하여 서술형 대비나 시험대비에 활용하실 수 있도록 하였다.",9788926164280.0,52160,국내도서>초등학교참고서>3학년>수학(초등3)
디딤돌 초등 수학 기본 + 응용 6-2 (2024년),디딤돌 초등 편집부 (지은이),"디딤돌 초등수학 기본+응용은 수학을 제대로 공부할 수 있도록 수학적 관점에서 개념을 정리하였다. 새로운 문제 유형들도 반영하였을 뿐만 아니라 개념을 수학적 관점에서 이해할 수 있는 문제, 수학적 사고력을 기를 수 있는 문제들을 담았다.",9788926164310.0,52181,국내도서>초등학교참고서>6학년>수학(초등6)
"EBS 초등 기본서 만점왕 국어 2-2 (2024년) - 2022 개정 교육과정, 예습·복습·숙제까지 해결되는 교과서 완전 학습서",EBS(한국교육방송공사) 편집부 (지은이),"만점왕 한 권으로 학교진도에 따라 공부해 보자. 개념책에는 학습 개념, 실전책에는 단원별 핵심정리와 확인 문제가 있다. 재미있는 무료강의가 있어 만점왕과 함께라면 혼자서도 쉽게 공부할 수 있다. 예습·복습·숙제까지 해결되는 교과서 완전 학습서이다.",9788954786010.0,52152,국내도서>초등학교참고서>2학년>국어(초등2)
디딤돌 초등 수학 기본 + 응용 5-2 (2024년),디딤돌 초등 편집부 (지은이),"수학을 제대로 공부할 수 있도록 수학적 관점에서 개념을 정리하였다. 새로운 문제 유형들도 반영하였을 뿐만 아니라 개념을 수학적 관점에서 이해할 수 있는 문제, 수학적 사고력을 기를 수 있는 문제들을 담았다. 또한 서술형 문제를 학습할 수 있는 &lt;실력 보강 자료집&gt;을 별도 구성하여 서술형 대비나 시험대비에 활용하실 수 있도록 하였다.",9788926164303.0,52174,국내도서>초등학교참고서>5학년>수학(초등5)
신사고 쎈 초등 수학 5-2 (2024년),"홍범준, 신사고수학콘텐츠연구회 (지은이)","쎈은 개념별로 입체적이고 세밀한 유형을 제시하고, 출제될 수 있는 모든 문항을 분석하여 유형화하며, 체계적으로 수학 실력을 키울 수 있도록 난이도를 세분화하여 구성하였다. 쎈의 유형 분석과 문제 해결 방법은 어떤 교재도 따라올 수 없는 특별함이 있다.",9788928348459.0,52174,국내도서>초등학교참고서>5학년>수학(초등5)
최상위 초등 수학 5-2 (2024년용),디딤돌 편집부 (엮은이),"교과서 수준의 개념이 아닌 실전 개념, 사고력 개념, 이후 학습으로의 연결 개념들을 함께 다루어 아이들이 수학적 관점에서 해당 교과 내용을 이해할 수 있게 하였다. 또한 최상위 수준까지 끌어줄 수 있도록 문제의 난이도 선정 및 배치를 전략적으로 구성하였다.",9788926162712.0,52174,국내도서>초등학교참고서>5학년>수학(초등5)
한끝 초등 사회 6-2 (2024년용) - 2015 개정 교육과정,비상교육 편집부 (지은이),"교과서 개념부터 학업성취도 평가 대비까지 한 권으로 완성하는 사회 학습서다. 한눈에 들어오는 개념 정리와 풍부한 시각 자료를 수록하여 개념을 확실하게 이해하도록 정리하고, 쉽고 빠르게 사회 공부를 할 수 있게 적절한 난이도와 분량의 문제를 구성하였다.",9791169403849.0,52182,국내도서>초등학교참고서>6학년>사회(초등6)
오투 초등 과학 5-2 (2024년용) - 2015 개정 교육과정,비상교육 편집부 (지은이),"실제 실험하고 관찰하는 것처럼 생생하게 보는 과학 학습서다. 새 교과서인 9종 검정 과학교과서의 중요 내용을 빠짐없이 실었고, 혼자서도 내용을 확실하게 이해할 수 있도록 친절하게 설명하였다. 개념 학습과 문제 학습을 각각 단계적으로 공부할 수 있도록 단계를 구성하였다.",9791166098574.0,52176,국내도서>초등학교참고서>5학년>과학(초등5)
"디자인 구구단 - 디자인이 필요한 순간, '툭' 튀어나오는 디자인 공식",에이핫 (지은이),"총 9개의 이론(비율, 공간, 균형, 색의 속성, 질감, 형과 형태, 움직임, 율동, 서체)을 통해 디자인이 필요한 모든 분이 디자인에 대한 이해를 높이고 감각을 키울 수 있도록 안내한다. 12년간 실무에서 감각을 키우고 3년간 직접 교육을 하면서 누구나 쉽게 감각을 키울 수 있는 방법을 연구해 만든 트레이닝 북이다.",9791140714063.0,2632,국내도서>컴퓨터/모바일>그래픽/멀티미디어>그래픽 일반
"진짜 쓰는 실무 엑셀 - 유튜브 대표 엑셀 채널, 오빠두가 알려 주는 엑셀 함수, 보고서 작성, 데이터 분석 노하우!",오빠두(전진권) (지은이),"대기업 직장 생활 10년의 실무 노하우와 엑셀 유튜브 채널을 운영하면서 들은 수많은 직장인의 고민을 해결할 수 있는 다양한 엑셀 비법을 담았다. '진짜 쓰는 실무 엑셀' 한 권이면 빠른 일 처리로 워라밸을 실현하고, 일잘러로 거듭날 수 있다!",9791191600704.0,2602,국내도서>컴퓨터/모바일>오피스(엑셀/파워포인트)>엑셀
1784 - THE TESTBED,네이버 1784 TF (지은이),"새로운 도전과 실험을 위한 거대한 플랫폼, 공간과 기술이 결합된 TESTBED. 네이버의 두 번째 사옥 1784에 담긴 이야기들. 네이버가 만들어가는 새로운 공간의 모습과 네이버가 추구하는 가치가 궁금한 분들을 위해 '10가지의 일하는 방식'에 담긴 1784 이야기를 소개한다.",9791198843906.0,1632,국내도서>경제경영>마케팅/세일즈>마케팅/브랜드
색 잘 쓰는 디자이너 - 디자이너에게 영감을 주는 배색·디자인 아이디어 800가지,"고바야시 레나 (지은이), 강아윤 (감수)","주변 풍경을 찍은 ‘사진’에서 디자인 아이디어를 얻을 수 있다면? ‘색 좀 잘 쓰고 싶은 디자이너’를 위한 배색, 글꼴 선택, 변형 디자인 노하우.",9791163036197.0,2632,국내도서>컴퓨터/모바일>그래픽/멀티미디어>그래픽 일반
챗GPT와 기획.분석.보고 - 일주일 치 업무를 하루 만에 해치우는 일잘러의 ChatGPT 완벽 활용법,김철수 (지은이),"ChatGPT로 문제를 파악하고 시장을 조사해서 정리할 수 있다. 신제품 아이디어를 도출하고 전략을 수립할 수 있다. 또한 데이터를 분석하고 통찰과 시사점을 얻을 수 있으며, 실적과 성과를 분석하고 목표를 관리할 수 있다.",9791158394295.0,212364,국내도서>컴퓨터/모바일>인공지능
"LLM을 활용한 실전 AI 애플리케이션 개발 - LLM의 기본부터 모델 학습, 임베딩, 벡터 데이터베이스로 만드는 RAG까지","허정준 (지은이), 정진호 (그림), 박재호 (감수)",LLM의 기본 아키텍처에서 출발해 애플리케이션의 요구사항에 맞춰 LLM을 길들이고 제한된 컴퓨팅 환경에서 동작하게 경량화해서 원활하게 서빙하게끔 기초를 다진 다음에 RAG라는 LLM의 대표적인 애플리케이션을 만드는 방법을 차근차근 설명한다.,9791189909703.0,212364,국내도서>컴퓨터/모바일>인공지능
회사는 엑셀을 가르쳐주지 않아요,쏘피(박성희) (지은이),"1:1 과외, 그룹 스터디, 대형 강의, 기업 출강, 탈잉 온·오프라인 클래스까지?총 10,000명 이상을 가르친 쏘피 튜터의 노하우가 고스란히 담긴 이 책은 엑셀 입문자의?눈높이에 맞춰 회사에서 반드시 필요한 엑셀 사용법을 설명한다.",9791129708328.0,2602,국내도서>컴퓨터/모바일>오피스(엑셀/파워포인트)>엑셀
"이게 되네? 챗GPT 미친 활용법 51제 - 5배 더 빠르게, 5배 나은 퀄리티로 진짜 현업에 사용해온 오대리의 ‘51가지 미친 업무 자동화'",오힘찬 (지은이),"수천 개의 파일을 자동으로 정리하는 자잘한 업무를 순식간에 처리하는 일부터, 이미지 생성, 기업 분석, 경쟁사 분석, 상품 시장 분석, 전략 수립, 보고서 작성, PPT 작성, 캘린더를 활용한 일정 관리법 등 기존에는 만날 수 없었던 진짜 실무에 필요한 강력한 활용법을 수록했다.",9791191905908.0,3023,국내도서>컴퓨터/모바일>PC/게임/디지털 카메라>초보자를 위한 컴퓨터 책
AI 나를 위해 일하게 하라,"세달 닐리, 폴 레오나르디 (지은이), 조성숙 (옮긴이)",“30%만 알아도 충분하다!” AI의 폭발적인 진화로 특이점을 맞이한 디지털 시대에 장착해야 할 마인드셋과 대처법이 여기 있다. 지금 이 시대의 모든 ‘일하는 자’에게 반드시 필요한 새로운 개념의 경영 가이드이자 자기계발서.,9791155817551.0,197415,국내도서>경제경영>트렌드/미래전망>인공지능/빅데이터
"비전공자도 이해할 수 있는 AI 지식 (챗GPT 수록 개정판) - 챗GPT부터 유튜브 추천, 파파고 번역과 내비게이션까지 일상을 움직이는 인공지능 이해하기","박상길 (지은이), 정진호 (그림)","2022년 과학 분야 베스트셀러, 《비전공자도 이해할 수 있는 AI 지식》이 2023년의 가장 거대한 화두, 챗GPT를 다룬 개정판을 출간했다. 챗GPT에 관한 AI 지식을 집중적으로 다룬 내용을 덧붙이고 챗GPT가 어떤 과정을 바탕으로 개발되었는지 그 배경과 원리를 친절하게 전한다.",9791167960917.0,51002,국내도서>과학>기초과학/교양과학
