key_title,key_rdate
"""기술유출 브로커에 손배 청구""… 처벌 수위 상향 힘받는다",2023.06.14 18:25
"삼성, 반도체 IP와 협업 강화... 파운드리 생태계 구축 나섰다",2023.06.14 18:25
세계 스마트폰 생산 9년만에 최저,2023.06.14 18:22
"[강남시선] 공장복제 시도, 법적 안전장치 필요하다",2023.06.14 18:19
"[주요] 삼성전자, 중간 문책인사 단행 유력 외 14일 주요뉴스 써머리",2023.06.14 17:59
경계현 삼성전자 사장 “불황일수록 투자가 중요”,2023.06.14 17:49
'브로커까지 처벌해야'..반도체 기술 유출 입법 강화 재점화,2023.06.14 17:28
삼성만 스마트폰 생산량 늘어…애플은 27% 감소,2023.06.14 17:20
"삼성전자, '인포컴 2023'서 버추얼 프로덕션 스튜디오 전용 '더 월' 신제품 선봬",2023.06.14 17:20
증시요약(8) - 기술적 분석 특징주 B(코스피),2023.06.14 17:15
증시요약(1) - 코스피 마감시황,2023.06.14 17:14
[위기의 K-기업]上 '상저하저' 위기감 커지는 재계...하반기 먹구름,2023.06.14 17:10
[위기의 K-기업]上 '상저하저' 위기감 커지는 재계...하반기 먹구름,2023.06.14 17:10
"코스피, 기관 매도에 하락...2610선 마감",2023.06.14 17:00
"코스피, 기관 매도에 하락...2610선 마감",2023.06.14 17:00
'초봉5300·주4일' 대학생이 원하는 기업 1위 탈환 삼성,2023.06.14 16:44
"""올 하반기 韓경제성장률, 1.4% 그칠 듯…반도체 한파 영향 커""",2023.06.14 16:44
코스피·코스닥 동반 하락…무더기 하한가까지,2023.06.14 16:07
"산업부, 5년간 5000억원 투입…스타 디자인기업 500개 키운다",2023.06.14 15:55
"KB증권, LG화학삼성전자S&P500지수 기초 자산 ELS 10종 공모",2023.06.14 15:48
